OBJECTID,IDENTIFICA,CID,Class,VALUE
1,RAVINA,0,1,122
2,RAVINA,1,1,1414
3,RAVINA,2,1,1414
4,VOCOROCA,3,1,1414
5,RAVINA,4,1,1414
6,RAVINA,5,1,1414
7,VOCOROCA,6,1,1422
8,VOCOROCA,7,1,1414
9,VOCOROCA,8,1,1414
10,RAVINA,9,1,1414
11,RAVINA,10,1,1414
12,RAVINA,11,1,1414
13,RAVINA,12,1,1414
14,RAVINA,13,1,1414
15,VOCOROCA,14,1,1414
16,RAVINA,15,1,1414
17,VOCOROCA,16,1,2222
18,VOCOROCA,17,1,1414
19,VOCOROCA,18,1,2222
20,VOCOROCA,19,1,1422
21,RAVINA,20,1,1414
22,VOCOROCA,21,1,2222
23,VOCOROCA,22,1,1422
24,VOCOROCA,23,1,1414
25,RAVINA,24,1,1414
26,VOCOROCA,25,1,1414
27,VOCOROCA,26,1,1414
28,VOCOROCA,27,1,1414
29,RAVINA,28,1,1414
30,RAVINA,29,1,1414
31,VOCOROCA,30,1,1414
32,VOCOROCA,31,1,1414
33,VOCOROCA,32,1,1414
34,VOCOROCA,33,1,1414
35,RAVINA,34,1,1414
36,VOCOROCA,35,1,1414
37,VOCOROCA,36,1,1414
38,VOCOROCA,37,1,1414
39,RAVINA,38,1,1414
40,RAVINA,39,1,1414
41,RAVINA,40,1,1414
42,VOCOROCA,41,1,1414
43,VOCOROCA,42,1,1414
44,VOCOROCA,43,1,1414
45,VOCOROCA,44,1,1414
46,RAVINA,45,1,1414
47,VOCOROCA,46,1,1414
48,VOCOROCA,47,1,1414
49,RAVINA,48,1,1414
50,RAVINA,49,1,1422
51,RAVINA,50,1,1414
52,VOCOROCA,51,1,1414
53,RAVINA,52,1,1414
54,RAVINA,53,1,1414
55,VOCOROCA,54,1,1414
56,VOCOROCA,55,1,1422
57,VOCOROCA,56,1,2222
58,VOCOROCA,57,1,1414
59,VOCOROCA,58,1,1422
60,VOCOROCA,59,1,1414
61,VOCOROCA,60,1,1414
62,VOCOROCA,61,1,1414
63,RAVINA,62,1,1414
64,VOCOROCA,63,1,1414
65,RAVINA,64,1,1414
66,RAVINA,65,1,1414
67,RAVINA,66,1,1414
68,RAVINA,67,1,1414
69,RAVINA,68,1,1414
70,VOCOROCA,69,1,2222
71,VOCOROCA,70,1,1414
72,VOCOROCA,71,1,1414
73,RAVINA,72,1,1414
74,RAVINA,73,1,1414
75,RAVINA,74,1,1414
76,VOCOROCA,75,1,1414
77,VOCOROCA,76,1,1414
78,VOCOROCA,77,1,1414
79,VOCOROCA,78,1,1414
80,RAVINA,79,1,1414
81,RAVINA,80,1,1414
82,RAVINA,81,1,1414
83,RAVINA,82,1,1414
84,RAVINA,83,1,1414
85,RAVINA,84,1,1414
86,RAVINA,85,1,1422
87,RAVINA,86,1,1414
88,RAVINA,87,1,1414
89,RAVINA,88,1,1414
90,VOCOROCA,89,1,1414
91,VOCOROCA,90,1,1414
92,VOCOROCA,91,1,1414
93,VOCOROCA,92,1,1414
94,VOCOROCA,93,1,1414
95,VOCOROCA,94,1,1414
96,VOCOROCA,95,1,1414
97,VOCOROCA,96,1,1414
98,RAVINA,97,1,1414
99,VOCOROCA,98,1,1414
100,VOCOROCA,99,1,1414
101,VOCOROCA,100,1,1414
102,VOCOROCA,101,1,1414
103,RAVINA,102,1,1422
104,VOCOROCA,103,1,1414
105,RAVINA,104,1,1414
106,VOCOROCA,105,1,2222
107,VOCOROCA,106,1,1414
108,RAVINA,107,1,1414
109,VOCOROCA,108,1,1414
110,VOCOROCA,109,1,1414
111,VOCOROCA,110,1,1414
112,VOCOROCA,111,1,1414
113,VOCOROCA,112,1,1414
114,VOCOROCA,113,1,1414
115,VOCOROCA,114,1,1414
116,VOCOROCA,115,1,1414
117,VOCOROCA,116,1,1414
118,RAVINA,117,1,1414
119,VOCOROCA,118,1,1414
120,VOCOROCA,119,1,1414
121,RAVINA,120,1,1414
122,RAVINA,121,1,1414
123,VOCOROCA,122,1,1414
124,VOCOROCA,123,1,2222
125,VOCOROCA,124,1,1414
126,RAVINA,125,1,1414
127,RAVINA,126,1,1414
128,VOCOROCA,127,1,1414
129,VOCOROCA,128,1,1414
130,VOCOROCA,129,1,1414
131,RAVINA,130,1,1414
132,RAVINA,131,1,1414
133,RAVINA,132,1,1414
134,RAVINA,133,1,1414
135,RAVINA,134,1,1414
136,RAVINA,135,1,1414
137,RAVINA,136,1,1414
138,VOCOROCA,137,1,1414
139,RAVINA,138,1,1414
140,RAVINA,139,1,1414
141,VOCOROCA,140,1,1414
142,VOCOROCA,141,1,1414
143,RAVINA,142,1,1422
144,RAVINA,143,1,1422
145,RAVINA,144,1,1414
146,RAVINA,145,1,1414
147,RAVINA,146,1,1414
148,RAVINA,147,1,1414
149,VOCOROCA,148,1,1414
150,RAVINA,149,1,1414
151,RAVINA,150,1,1414
152,VOCOROCA,151,1,1414
153,VOCOROCA,152,1,1414
154,RAVINA,153,1,1414
155,RAVINA,154,1,1422
156,RAVINA,155,1,1414
157,RAVINA,156,1,1422
158,RAVINA,157,1,1422
159,RAVINA,158,1,1414
160,RAVINA,159,1,1414
161,VOCOROCA,160,1,1414
162,VOCOROCA,161,1,1422
163,VOCOROCA,162,1,114
164,RAVINA,163,1,1414
165,RAVINA,164,1,2222
166,RAVINA,165,1,1414
167,RAVINA,166,1,1414
168,RAVINA,167,1,1414
169,VOCOROCA,168,1,2214
170,RAVINA,169,1,1414
171,RAVINA,170,1,1414
172,VOCOROCA,171,1,1414
173,RAVINA,172,1,1414
174,VOCOROCA,173,1,1414
175,RAVINA,174,1,1414
176,RAVINA,175,1,1422
177,VOCOROCA,176,1,1414
178,VOCOROCA,177,1,1414
179,RAVINA,178,1,1414
180,RAVINA,179,1,1414
181,VOCOROCA,180,1,1414
182,VOCOROCA,181,1,1414
183,RAVINA,182,1,1414
184,VOCOROCA,183,1,1414
185,VOCOROCA,184,1,1414
186,VOCOROCA,185,1,1414
187,VOCOROCA,186,1,1414
188,VOCOROCA,187,1,1414
189,RAVINA,188,1,1414
190,RAVINA,189,1,1414
191,VOCOROCA,190,1,1414
192,VOCOROCA,191,1,1414
193,VOCOROCA,192,1,1414
194,VOCOROCA,193,1,1414
195,VOCOROCA,194,1,1414
196,VOCOROCA,195,1,1414
197,RAVINA,196,1,1414
198,RAVINA,197,1,1414
199,RAVINA,198,1,1414
200,RAVINA,199,1,1422
201,VOCOROCA,200,1,1422
202,VOCOROCA,201,1,1414
203,VOCOROCA,202,1,1414
204,VOCOROCA,203,1,1414
205,VOCOROCA,204,1,1414
206,VOCOROCA,205,1,1414
207,RAVINA,206,1,1414
208,VOCOROCA,207,1,1414
209,RAVINA,208,1,2222
210,RAVINA,209,1,1414
211,VOCOROCA,210,1,1422
212,VOCOROCA,211,1,1414
213,VOCOROCA,212,1,1422
214,RAVINA,213,1,1414
215,VOCOROCA,214,1,2222
216,RAVINA,215,1,2222
217,RAVINA,216,1,1414
218,RAVINA,217,1,1414
219,VOCOROCA,218,1,1422
220,RAVINA,219,1,1422
221,VOCOROCA,220,1,2222
222,VOCOROCA,221,1,2222
223,VOCOROCA,222,1,1414
224,VOCOROCA,223,1,1414
225,VOCOROCA,224,1,1414
226,VOCOROCA,225,1,101
227,VOCOROCA,226,1,1414
228,VOCOROCA,227,1,1414
229,VOCOROCA,228,1,1414
230,VOCOROCA,229,1,1414
231,VOCOROCA,230,1,1414
232,VOCOROCA,231,1,1414
233,VOCOROCA,232,1,1414
234,VOCOROCA,233,1,1414
235,VOCOROCA,234,1,1414
236,RAVINA,235,1,1422
237,RAVINA,236,1,1414
238,RAVINA,237,1,1414
239,VOCOROCA,238,1,1414
240,VOCOROCA,239,1,2222
241,RAVINA,240,1,1414
242,VOCOROCA,241,1,1414
243,VOCOROCA,242,1,1414
244,VOCOROCA,243,1,1422
245,RAVINA,244,1,1422
246,RAVINA,245,1,1414
247,VOCOROCA,246,1,1422
248,VOCOROCA,247,1,1414
249,VOCOROCA,248,1,1414
250,RAVINA,249,1,1414
251,VOCOROCA,250,1,1414
252,VOCOROCA,251,1,1414
253,VOCOROCA,252,1,1414
254,VOCOROCA,253,1,1414
255,VOCOROCA,254,1,1414
256,VOCOROCA,255,1,1414
257,RAVINA,256,1,1414
258,RAVINA,257,1,2222
259,RAVINA,258,1,1414
260,VOCOROCA,259,1,1414
261,VOCOROCA,260,1,1422
262,VOCOROCA,261,1,1414
263,VOCOROCA,262,1,1414
264,VOCOROCA,263,1,1414
265,RAVINA,264,1,1414
266,VOCOROCA,265,1,2222
267,RAVINA,266,1,1414
268,VOCOROCA,267,1,1414
269,VOCOROCA,268,1,1414
270,RAVINA,269,1,1414
271,VOCOROCA,270,1,1414
272,VOCOROCA,271,1,1414
273,VOCOROCA,272,1,1414
274,RAVINA,273,1,1414
275,VOCOROCA,274,1,1414
276,RAVINA,275,1,1414
277,RAVINA,276,1,1414
278,VOCOROCA,277,1,1414
279,RAVINA,278,1,1422
280,RAVINA,279,1,1414
281,VOCOROCA,280,1,1414
282,VOCOROCA,281,1,2222
283,VOCOROCA,282,1,1414
284,VOCOROCA,283,1,1422
285,RAVINA,284,1,1414
286,RAVINA,285,1,1414
287,RAVINA,286,1,2222
288,RAVINA,287,1,1414
289,RAVINA,288,1,2222
290,RAVINA,289,1,1414
291,RAVINA,290,1,1414
292,VOCOROCA,291,1,1414
293,VOCOROCA,292,1,1414
294,RAVINA,293,1,1414
295,VOCOROCA,294,1,1414
296,VOCOROCA,295,1,1414
297,VOCOROCA,296,1,1414
298,RAVINA,297,1,1414
299,VOCOROCA,298,1,2222
300,VOCOROCA,299,1,1414
301,VOCOROCA,300,1,1422
302,RAVINA,301,1,2222
303,RAVINA,302,1,1422
304,VOCOROCA,303,1,1422
305,VOCOROCA,304,1,1414
306,VOCOROCA,305,1,1422
307,VOCOROCA,306,1,1414
308,VOCOROCA,307,1,2222
309,VOCOROCA,308,1,2222
310,VOCOROCA,309,1,1422
311,VOCOROCA,310,1,1414
312,RAVINA,311,1,1422
313,VOCOROCA,312,1,1414
314,VOCOROCA,313,1,1414
315,VOCOROCA,314,1,1422
316,VOCOROCA,315,1,1414
317,VOCOROCA,316,1,2222
318,RAVINA,317,1,1422
319,RAVINA,318,1,1414
320,VOCOROCA,319,1,2222
321,VOCOROCA,320,1,1422
322,VOCOROCA,321,1,1422
323,VOCOROCA,322,1,1422
324,VOCOROCA,323,1,1422
325,RAVINA,324,1,1414
326,RAVINA,325,1,1414
327,RAVINA,326,1,1422
328,VOCOROCA,327,1,1422
329,VOCOROCA,328,1,1422
330,VOCOROCA,329,1,1422
331,VOCOROCA,330,1,1414
332,RAVINA,331,1,1414
333,RAVINA,332,1,1414
334,VOCOROCA,333,1,1414
335,VOCOROCA,334,1,1414
336,VOCOROCA,335,1,1414
337,RAVINA,336,1,1422
338,VOCOROCA,337,1,1414
339,VOCOROCA,338,1,1414
340,VOCOROCA,339,1,1422
341,RAVINA,340,1,1414
342,RAVINA,341,1,1414
343,VOCOROCA,342,1,1414
344,RAVINA,343,1,1414
345,RAVINA,344,1,1414
346,VOCOROCA,345,1,1414
347,RAVINA,346,1,1414
348,RAVINA,347,1,1414
349,VOCOROCA,348,1,1414
350,RAVINA,349,1,1414
351,VOCOROCA,350,1,1422
352,VOCOROCA,351,1,1414
353,VOCOROCA,352,1,1414
354,VOCOROCA,353,1,1414
355,VOCOROCA,354,1,1414
356,RAVINA,355,1,1414
357,RAVINA,356,1,1414
358,RAVINA,357,1,1422
359,VOCOROCA,358,1,1414
360,VOCOROCA,359,1,1414
361,VOCOROCA,360,1,1422
362,VOCOROCA,361,1,2222
363,RAVINA,362,1,1414
364,VOCOROCA,363,1,1422
365,VOCOROCA,364,1,1422
366,VOCOROCA,365,1,1414
367,VOCOROCA,366,1,1401
368,RAVINA,367,1,2222
369,RAVINA,368,1,1414
370,VOCOROCA,369,1,2222
371,VOCOROCA,370,1,1414
372,VOCOROCA,371,1,1414
373,RAVINA,372,1,1422
374,RAVINA,373,1,1414
375,RAVINA,374,1,1414
376,VOCOROCA,375,1,1414
377,RAVINA,376,1,1414
378,RAVINA,377,1,1414
379,VOCOROCA,378,1,2222
380,VOCOROCA,379,1,1414
381,VOCOROCA,380,1,1414
382,VOCOROCA,381,1,1414
383,VOCOROCA,382,1,1414
384,VOCOROCA,383,1,1414
385,VOCOROCA,384,1,1414
386,VOCOROCA,385,1,1414
387,RAVINA,386,1,1414
388,VOCOROCA,387,1,1414
389,VOCOROCA,388,1,1414
390,VOCOROCA,389,1,2222
391,VOCOROCA,390,1,2222
392,VOCOROCA,391,1,2222
393,VOCOROCA,392,1,1422
394,VOCOROCA,393,1,1414
395,VOCOROCA,394,1,1414
396,VOCOROCA,395,1,1414
397,RAVINA,396,1,1414
398,RAVINA,397,1,2222
399,RAVINA,398,1,1414
400,RAVINA,399,1,1414
401,RAVINA,400,1,1414
402,VOCOROCA,401,1,1414
403,VOCOROCA,402,1,1414
404,RAVINA,403,1,1414
405,VOCOROCA,404,1,1414
406,RAVINA,405,1,1414
407,RAVINA,406,1,1414
408,VOCOROCA,407,1,1414
409,RAVINA,408,1,1422
410,VOCOROCA,409,1,1414
411,VOCOROCA,410,1,1414
412,VOCOROCA,411,1,1414
413,RAVINA,412,1,1414
414,VOCOROCA,413,1,1414
415,VOCOROCA,414,1,1414
416,VOCOROCA,415,1,1414
417,RAVINA,416,1,1422
418,RAVINA,417,1,1422
419,VOCOROCA,418,1,1414
420,VOCOROCA,419,1,1414
421,RAVINA,420,1,1422
422,VOCOROCA,421,1,1414
423,VOCOROCA,422,1,1414
424,VOCOROCA,423,1,1414
425,VOCOROCA,424,1,1414
426,VOCOROCA,425,1,1422
427,VOCOROCA,426,1,1414
428,VOCOROCA,427,1,1414
429,VOCOROCA,428,1,1422
430,VOCOROCA,429,1,1414
431,VOCOROCA,430,1,1414
432,VOCOROCA,431,1,1414
433,VOCOROCA,432,1,1414
434,VOCOROCA,433,1,1422
435,VOCOROCA,434,1,1414
436,VOCOROCA,435,1,1414
437,VOCOROCA,436,1,1414
438,RAVINA,437,1,1422
439,VOCOROCA,438,1,1414
440,VOCOROCA,439,1,1414
441,VOCOROCA,440,1,1414
442,VOCOROCA,441,1,1414
443,VOCOROCA,442,1,1422
444,VOCOROCA,443,1,1414
445,VOCOROCA,444,1,1414
446,RAVINA,445,1,1414
447,VOCOROCA,446,1,2222
448,VOCOROCA,447,1,2222
449,VOCOROCA,448,1,1422
450,VOCOROCA,449,1,1414
451,VOCOROCA,450,1,1414
452,VOCOROCA,451,1,1414
453,VOCOROCA,452,1,1422
454,VOCOROCA,453,1,1422
455,VOCOROCA,454,1,1414
456,VOCOROCA,455,1,1414
457,VOCOROCA,456,1,101
458,VOCOROCA,457,1,1414
459,VOCOROCA,458,1,1414
460,VOCOROCA,459,1,1414
461,VOCOROCA,460,1,1414
462,VOCOROCA,461,1,1414
463,VOCOROCA,462,1,1414
464,VOCOROCA,463,1,1414
465,RAVINA,464,1,1414
466,VOCOROCA,465,1,1414
467,VOCOROCA,466,1,1414
468,VOCOROCA,467,1,1422
469,VOCOROCA,468,1,1422
470,VOCOROCA,469,1,1414
471,VOCOROCA,470,1,1414
472,VOCOROCA,471,1,1414
473,VOCOROCA,472,1,1414
474,RAVINA,473,1,1414
475,RAVINA,474,1,1414
476,VOCOROCA,475,1,1414
477,VOCOROCA,476,1,1401
478,VOCOROCA,477,1,1414
479,VOCOROCA,478,1,1414
480,VOCOROCA,479,1,1414
481,VOCOROCA,480,1,1414
482,VOCOROCA,481,1,1414
483,VOCOROCA,482,1,1414
484,VOCOROCA,483,1,1414
485,VOCOROCA,484,1,101
486,VOCOROCA,485,1,1401
487,VOCOROCA,486,1,1414
488,VOCOROCA,487,1,1422
489,VOCOROCA,488,1,1414
490,VOCOROCA,489,1,1422
491,RAVINA,490,1,1414
492,VOCOROCA,491,1,1414
493,VOCOROCA,492,1,1422
494,VOCOROCA,493,1,1414
495,VOCOROCA,494,1,1414
496,RAVINA,495,1,1414
497,RAVINA,496,1,1422
498,VOCOROCA,497,1,1422
499,VOCOROCA,498,1,1414
500,VOCOROCA,499,1,1414
501,VOCOROCA,500,1,1422
502,RAVINA,501,1,1414
503,RAVINA,502,1,1422
504,RAVINA,503,1,1422
505,RAVINA,504,1,1414
506,RAVINA,505,1,1422
507,VOCOROCA,506,1,1414
508,VOCOROCA,507,1,1414
509,VOCOROCA,508,1,1414
510,VOCOROCA,509,1,1414
511,VOCOROCA,510,1,1414
512,VOCOROCA,511,1,1414
513,VOCOROCA,512,1,1414
514,VOCOROCA,513,1,1414
515,VOCOROCA,514,1,1414
516,VOCOROCA,515,1,1414
517,RAVINA,516,1,1414
518,RAVINA,517,1,1422
519,RAVINA,518,1,1414
520,RAVINA,519,1,1414
521,VOCOROCA,520,1,1414
522,VOCOROCA,521,1,1414
523,VOCOROCA,522,1,1414
524,RAVINA,523,1,1414
525,VOCOROCA,524,1,1414
526,VOCOROCA,525,1,1414
527,VOCOROCA,526,1,1414
528,VOCOROCA,527,1,1414
529,RAVINA,528,1,2222
530,RAVINA,529,1,1414
531,RAVINA,530,1,1414
532,VOCOROCA,531,1,1414
533,VOCOROCA,532,1,1414
534,VOCOROCA,533,1,1414
535,VOCOROCA,534,1,1422
536,VOCOROCA,535,1,1414
537,VOCOROCA,536,1,1414
538,VOCOROCA,537,1,1422
539,VOCOROCA,538,1,1414
540,VOCOROCA,539,1,1414
541,VOCOROCA,540,1,1414
542,VOCOROCA,541,1,1422
543,VOCOROCA,542,1,1414
544,VOCOROCA,543,1,1422
545,VOCOROCA,544,1,1414
546,VOCOROCA,545,1,1414
547,VOCOROCA,546,1,1414
548,VOCOROCA,547,1,1414
549,VOCOROCA,548,1,1414
550,VOCOROCA,549,1,1414
551,VOCOROCA,550,1,1414
552,VOCOROCA,551,1,1422
553,VOCOROCA,552,1,1414
554,VOCOROCA,553,1,1414
555,VOCOROCA,554,1,114
556,VOCOROCA,555,1,1414
557,VOCOROCA,556,1,1414
558,VOCOROCA,557,1,1414
559,VOCOROCA,558,1,1414
560,RAVINA,559,1,1414
561,RAVINA,560,1,1414
562,RAVINA,561,1,1414
563,RAVINA,562,1,1414
564,VOCOROCA,563,1,1414
565,VOCOROCA,564,1,1414
566,VOCOROCA,565,1,114
567,VOCOROCA,566,1,1422
568,VOCOROCA,567,1,1422
569,RAVINA,568,1,1414
570,VOCOROCA,569,1,1414
571,RAVINA,570,1,1414
572,VOCOROCA,571,1,1414
573,VOCOROCA,572,1,1414
574,RAVINA,573,1,1422
575,VOCOROCA,574,1,1414
576,VOCOROCA,575,1,1414
577,RAVINA,576,1,1414
578,VOCOROCA,577,1,1414
579,VOCOROCA,578,1,1414
580,VOCOROCA,579,1,1422
581,RAVINA,580,1,1422
582,VOCOROCA,581,1,1414
583,VOCOROCA,582,1,1414
584,VOCOROCA,583,1,1414
585,VOCOROCA,584,1,1414
586,VOCOROCA,585,1,1414
587,VOCOROCA,586,1,1422
588,VOCOROCA,587,1,1414
589,VOCOROCA,588,1,1422
590,RAVINA,589,1,1414
591,RAVINA,590,1,1414
592,VOCOROCA,591,1,1414
593,VOCOROCA,592,1,1414
594,VOCOROCA,593,1,1414
595,VOCOROCA,594,1,1414
596,RAVINA,595,1,1422
597,VOCOROCA,596,1,1414
598,RAVINA,597,1,1414
599,RAVINA,598,1,1414
600,VOCOROCA,599,1,1422
601,VOCOROCA,600,1,1414
602,VOCOROCA,601,1,1422
603,VOCOROCA,602,1,101
604,RAVINA,603,1,1414
605,VOCOROCA,604,1,1414
606,VOCOROCA,605,1,1414
607,VOCOROCA,606,1,1414
608,VOCOROCA,607,1,1414
609,VOCOROCA,608,1,1422
610,VOCOROCA,609,1,1422
611,VOCOROCA,610,1,1414
612,RAVINA,611,1,1414
613,RAVINA,612,1,1414
614,VOCOROCA,613,1,1401
615,VOCOROCA,614,1,1422
616,VOCOROCA,615,1,1422
617,VOCOROCA,616,1,1414
618,VOCOROCA,617,1,1414
619,VOCOROCA,618,1,1414
620,VOCOROCA,619,1,1414
621,RAVINA,620,1,1414
622,VOCOROCA,621,1,1414
623,VOCOROCA,622,1,1414
624,VOCOROCA,623,1,1414
625,VOCOROCA,624,1,1414
626,VOCOROCA,625,1,1414
627,VOCOROCA,626,1,1414
628,VOCOROCA,627,1,1401
629,VOCOROCA,628,1,1414
630,VOCOROCA,629,1,1414
631,VOCOROCA,630,1,1422
632,VOCOROCA,631,1,2222
633,VOCOROCA,632,1,1414
634,VOCOROCA,633,1,1414
635,VOCOROCA,634,1,1422
636,VOCOROCA,635,1,1414
637,VOCOROCA,636,1,1414
638,VOCOROCA,637,1,1414
639,VOCOROCA,638,1,1414
640,VOCOROCA,639,1,1414
641,VOCOROCA,640,1,2222
642,VOCOROCA,641,1,1414
643,VOCOROCA,642,1,1414
644,VOCOROCA,643,1,1414
645,VOCOROCA,644,1,1414
646,VOCOROCA,645,1,1414
647,VOCOROCA,646,1,1414
648,VOCOROCA,647,1,1414
649,RAVINA,648,1,1414
650,VOCOROCA,649,1,2222
651,VOCOROCA,650,1,2222
652,VOCOROCA,651,1,1414
653,VOCOROCA,652,1,1414
654,VOCOROCA,653,1,1422
655,VOCOROCA,654,1,1414
656,VOCOROCA,655,1,1401
657,VOCOROCA,656,1,1414
658,VOCOROCA,657,1,1414
659,VOCOROCA,658,1,1422
660,VOCOROCA,659,1,1422
661,RAVINA,660,1,1414
662,VOCOROCA,661,1,1414
663,VOCOROCA,662,1,1414
664,VOCOROCA,663,1,1414
665,VOCOROCA,664,1,1414
666,VOCOROCA,665,1,1414
667,VOCOROCA,666,1,2222
668,VOCOROCA,667,1,1414
669,VOCOROCA,668,1,1410
670,VOCOROCA,669,1,2222
671,VOCOROCA,670,1,1414
672,VOCOROCA,671,1,1414
673,VOCOROCA,672,1,2222
674,RAVINA,673,1,2222
675,VOCOROCA,674,1,2222
676,VOCOROCA,675,1,2222
677,VOCOROCA,676,1,1414
678,VOCOROCA,677,1,114
679,VOCOROCA,678,1,1414
680,VOCOROCA,679,1,1414
681,VOCOROCA,680,1,1414
682,VOCOROCA,681,1,1414
683,VOCOROCA,682,1,1422
684,VOCOROCA,683,1,1010
685,RAVINA,684,1,1414
686,RAVINA,685,1,2222
687,RAVINA,686,1,1422
688,VOCOROCA,687,1,1010
689,VOCOROCA,688,1,2222
690,VOCOROCA,689,1,2222
691,VOCOROCA,690,1,1414
692,VOCOROCA,691,1,1414
693,VOCOROCA,692,1,1422
694,RAVINA,693,1,2222
695,VOCOROCA,694,1,1401
696,VOCOROCA,695,1,1422
697,RAVINA,696,1,1422
698,VOCOROCA,697,1,1414
699,VOCOROCA,698,1,1414
700,VOCOROCA,699,1,1414
701,VOCOROCA,700,1,1414
702,VOCOROCA,701,1,2222
703,VOCOROCA,702,1,2222
704,VOCOROCA,703,1,1022
705,RAVINA,704,1,1414
706,VOCOROCA,705,1,1414
707,RAVINA,706,1,1414
708,VOCOROCA,707,1,1414
709,RAVINA,708,1,1422
710,VOCOROCA,709,1,1414
711,VOCOROCA,710,1,1414
712,VOCOROCA,711,1,101
713,RAVINA,712,1,1414
714,VOCOROCA,713,1,1010
715,VOCOROCA,714,1,1014
716,RAVINA,715,1,1422
717,RAVINA,716,1,1422
718,VOCOROCA,717,1,1422
719,VOCOROCA,718,1,1422
720,VOCOROCA,719,1,1422
721,VOCOROCA,720,1,1414
722,VOCOROCA,721,1,2214
723,VOCOROCA,722,1,2222
724,VOCOROCA,723,1,1414
725,VOCOROCA,724,1,114
726,RAVINA,725,1,1422
727,VOCOROCA,726,1,1022
728,VOCOROCA,727,1,2222
729,RAVINA,728,1,1422
730,VOCOROCA,729,1,2222
731,VOCOROCA,730,1,1422
732,VOCOROCA,731,1,1414
733,VOCOROCA,732,1,1414
734,VOCOROCA,733,1,1401
735,VOCOROCA,734,1,1414
736,RAVINA,735,1,1414
737,VOCOROCA,736,1,1414
738,RAVINA,737,1,1414
739,VOCOROCA,738,1,1422
740,VOCOROCA,739,1,1414
741,VOCOROCA,740,1,1414
742,VOCOROCA,741,1,1414
743,VOCOROCA,742,1,101
744,VOCOROCA,743,1,1414
745,VOCOROCA,744,1,1414
746,VOCOROCA,745,1,1414
747,RAVINA,746,1,1414
748,VOCOROCA,747,1,1414
749,RAVINA,748,1,1414
750,RAVINA,749,1,1414
751,RAVINA,750,1,1414
752,RAVINA,751,1,1414
753,RAVINA,752,1,1401
754,RAVINA,753,1,1414
755,VOCOROCA,754,1,1410
756,VOCOROCA,755,1,1422
757,VOCOROCA,756,1,1414
758,RAVINA,757,1,1414
759,VOCOROCA,758,1,1414
760,VOCOROCA,759,1,1422
761,VOCOROCA,760,1,1414
762,VOCOROCA,761,1,1401
763,VOCOROCA,762,1,1422
764,VOCOROCA,763,1,1422
765,VOCOROCA,764,1,1414
766,RAVINA,765,1,1422
767,VOCOROCA,766,1,2222
768,VOCOROCA,767,1,1401
769,VOCOROCA,768,1,1414
770,VOCOROCA,769,1,1414
771,VOCOROCA,770,1,1414
772,RAVINA,771,1,1422
773,VOCOROCA,772,1,1414
774,VOCOROCA,773,1,1414
775,RAVINA,774,1,1414
776,VOCOROCA,775,1,1414
777,RAVINA,776,1,1414
778,RAVINA,777,1,1414
779,VOCOROCA,778,1,1414
780,RAVINA,779,1,1414
781,VOCOROCA,780,1,1414
782,RAVINA,781,1,1414
783,RAVINA,782,1,1414
784,RAVINA,783,1,1414
785,VOCOROCA,784,1,1414
786,VOCOROCA,785,1,1414
787,RAVINA,786,1,1414
788,VOCOROCA,787,1,1414
789,VOCOROCA,788,1,1414
790,VOCOROCA,789,1,1414
791,VOCOROCA,790,1,1414
792,VOCOROCA,791,1,1414
793,VOCOROCA,792,1,1422
794,VOCOROCA,793,1,1414
795,RAVINA,794,1,1414
796,VOCOROCA,795,1,1414
797,VOCOROCA,796,1,1422
798,VOCOROCA,797,1,1414
799,VOCOROCA,798,1,1422
800,RAVINA,799,1,2222
801,VOCOROCA,800,1,1422
802,VOCOROCA,801,1,1414
803,VOCOROCA,802,1,2222
804,RAVINA,803,1,1414
805,RAVINA,804,1,1414
806,VOCOROCA,805,1,1422
807,RAVINA,806,1,1414
808,RAVINA,807,1,2222
809,VOCOROCA,808,1,1414
810,RAVINA,809,1,1414
811,RAVINA,810,1,1414
812,RAVINA,811,1,1422
813,VOCOROCA,812,1,114
814,VOCOROCA,813,1,1422
815,VOCOROCA,814,1,1414
816,RAVINA,815,1,1422
817,VOCOROCA,816,1,1414
818,VOCOROCA,817,1,1414
819,VOCOROCA,818,1,1414
820,VOCOROCA,819,1,1410
821,VOCOROCA,820,1,2222
822,VOCOROCA,821,1,1010
823,VOCOROCA,822,1,1414
824,VOCOROCA,823,1,1422
825,VOCOROCA,824,1,1414
826,VOCOROCA,825,1,1414
827,VOCOROCA,826,1,1401
828,RAVINA,827,1,2222
829,RAVINA,828,1,1422
830,RAVINA,829,1,1414
831,VOCOROCA,830,1,1414
832,VOCOROCA,831,1,1414
833,VOCOROCA,832,1,1414
834,VOCOROCA,833,1,1422
835,RAVINA,834,1,1414
836,VOCOROCA,835,1,1422
837,RAVINA,836,1,1414
838,VOCOROCA,837,1,1414
839,RAVINA,838,1,1414
840,VOCOROCA,839,1,1414
841,RAVINA,840,1,1414
842,RAVINA,841,1,1414
843,RAVINA,842,1,1414
844,RAVINA,843,1,1414
845,RAVINA,844,1,1414
846,VOCOROCA,845,1,114
847,RAVINA,846,1,1414
848,VOCOROCA,847,1,1414
849,VOCOROCA,848,1,1422
850,VOCOROCA,849,1,1414
851,VOCOROCA,850,1,1414
852,RAVINA,851,1,1414
853,VOCOROCA,852,1,1414
854,VOCOROCA,853,1,1422
855,VOCOROCA,854,1,1422
856,VOCOROCA,855,1,1414
857,VOCOROCA,856,1,1414
858,RAVINA,857,1,1414
859,VOCOROCA,858,1,1422
860,VOCOROCA,859,1,1422
861,VOCOROCA,860,1,1422
862,VOCOROCA,861,1,1414
863,RAVINA,862,1,1414
864,RAVINA,863,1,2222
865,VOCOROCA,864,1,1422
866,RAVINA,865,1,1414
867,VOCOROCA,866,1,1422
868,RAVINA,867,1,1414
869,VOCOROCA,868,1,1422
870,VOCOROCA,869,1,1422
871,VOCOROCA,870,1,1422
872,VOCOROCA,871,1,1414
873,VOCOROCA,872,1,1414
874,VOCOROCA,873,1,1414
875,VOCOROCA,874,1,1422
876,VOCOROCA,875,1,1414
877,RAVINA,876,1,1414
878,VOCOROCA,877,1,1414
879,VOCOROCA,878,1,1422
880,VOCOROCA,879,1,1414
881,VOCOROCA,880,1,1414
882,VOCOROCA,881,1,1414
883,VOCOROCA,882,1,2222
884,RAVINA,883,1,2222
885,VOCOROCA,884,1,2222
886,VOCOROCA,885,1,1414
887,VOCOROCA,886,1,1414
888,RAVINA,887,1,1414
889,VOCOROCA,888,1,1414
890,RAVINA,889,1,1414
891,VOCOROCA,890,1,1414
892,VOCOROCA,891,1,1414
893,VOCOROCA,892,1,1414
894,VOCOROCA,893,1,1414
895,VOCOROCA,894,1,1414
896,VOCOROCA,895,1,1414
897,VOCOROCA,896,1,1414
898,VOCOROCA,897,1,1414
899,VOCOROCA,898,1,1414
900,VOCOROCA,899,1,1414
901,RAVINA,900,1,1422
902,VOCOROCA,901,1,1414
903,VOCOROCA,902,1,1414
904,VOCOROCA,903,1,1414
905,VOCOROCA,904,1,1414
906,RAVINA,905,1,1414
907,VOCOROCA,906,1,1414
908,VOCOROCA,907,1,1414
909,VOCOROCA,908,1,1414
910,VOCOROCA,909,1,1414
911,RAVINA,910,1,1422
912,VOCOROCA,911,1,1414
913,VOCOROCA,912,1,1414
914,RAVINA,913,1,1414
915,RAVINA,914,1,1414
916,RAVINA,915,1,114
917,VOCOROCA,916,1,1414
918,VOCOROCA,917,1,1422
919,VOCOROCA,918,1,1010
920,RAVINA,919,1,1010
921,VOCOROCA,920,1,1422
922,RAVINA,921,1,1414
923,RAVINA,922,1,1414
924,RAVINA,923,1,1414
925,RAVINA,924,1,101
926,VOCOROCA,925,1,1414
927,RAVINA,926,1,1414
928,VOCOROCA,927,1,1414
929,VOCOROCA,928,1,114
930,VOCOROCA,929,1,1414
931,VOCOROCA,930,1,1414
932,VOCOROCA,931,1,1414
933,RAVINA,932,1,1422
934,VOCOROCA,933,1,1414
935,VOCOROCA,934,1,1414
936,RAVINA,935,1,1414
937,VOCOROCA,936,1,1414
938,RAVINA,937,1,1414
939,VOCOROCA,938,1,1422
940,RAVINA,939,1,1422
941,RAVINA,940,1,122
942,VOCOROCA,941,1,1414
943,VOCOROCA,942,1,1414
944,VOCOROCA,943,1,1414
945,VOCOROCA,944,1,1422
946,VOCOROCA,945,1,1422
947,RAVINA,946,1,1422
948,VOCOROCA,947,1,1010
949,VOCOROCA,948,1,1022
950,VOCOROCA,949,1,2222
951,RAVINA,950,1,1414
952,VOCOROCA,951,1,101
953,VOCOROCA,952,1,1010
954,RAVINA,953,1,1410
955,VOCOROCA,954,1,1422
956,VOCOROCA,955,1,1422
957,VOCOROCA,956,1,1401
958,VOCOROCA,957,1,1414
959,RAVINA,958,1,1414
960,RAVINA,959,1,1414
961,RAVINA,960,1,1422
962,VOCOROCA,961,1,2222
963,VOCOROCA,962,1,2222
964,RAVINA,963,1,1414
965,RAVINA,964,1,1414
966,RAVINA,965,1,1414
967,VOCOROCA,966,1,1414
968,VOCOROCA,967,1,1414
969,RAVINA,968,1,1414
970,VOCOROCA,969,1,1414
971,VOCOROCA,970,1,1414
972,VOCOROCA,971,1,1414
973,VOCOROCA,972,1,2222
974,VOCOROCA,973,1,1422
975,VOCOROCA,974,1,1414
976,VOCOROCA,975,1,1014
977,VOCOROCA,976,1,1414
978,RAVINA,977,1,1422
979,RAVINA,978,1,1414
980,RAVINA,979,1,1414
981,RAVINA,980,1,1414
982,VOCOROCA,981,1,1414
983,VOCOROCA,982,1,1422
984,VOCOROCA,983,1,2222
985,VOCOROCA,984,1,1414
986,VOCOROCA,985,1,1414
987,RAVINA,986,1,1422
988,VOCOROCA,987,1,114
989,VOCOROCA,988,1,1422
990,VOCOROCA,989,1,1422
991,VOCOROCA,990,1,1422
992,VOCOROCA,991,1,1401
993,VOCOROCA,992,1,1414
994,VOCOROCA,993,1,2222
995,VOCOROCA,994,1,1422
996,VOCOROCA,995,1,1414
997,VOCOROCA,996,1,1414
998,VOCOROCA,997,1,1414
999,VOCOROCA,998,1,1414
1000,VOCOROCA,999,1,1414
1001,VOCOROCA,1000,1,1414
1002,VOCOROCA,1001,1,1414
1003,VOCOROCA,1002,1,1401
1004,VOCOROCA,1003,1,1410
1005,VOCOROCA,1004,1,1414
1006,VOCOROCA,1005,1,1414
1007,VOCOROCA,1006,1,1414
1008,VOCOROCA,1007,1,1422
1009,VOCOROCA,1008,1,122
1010,VOCOROCA,1009,1,1010
1011,VOCOROCA,1010,1,1414
1012,VOCOROCA,1011,1,2222
1013,VOCOROCA,1012,1,1414
1014,VOCOROCA,1013,1,101
1015,VOCOROCA,1014,1,114
1016,VOCOROCA,1015,1,1010
1017,VOCOROCA,1016,1,1414
1018,VOCOROCA,1017,1,2222
1019,VOCOROCA,1018,1,1422
1020,VOCOROCA,1019,1,1414
1021,VOCOROCA,1020,1,1414
1022,VOCOROCA,1021,1,101
1023,VOCOROCA,1022,1,114
1024,VOCOROCA,1023,1,122
1025,VOCOROCA,1024,1,1414
1026,VOCOROCA,1025,1,1414
1027,VOCOROCA,1026,1,1414
1028,VOCOROCA,1027,1,1414
1029,VOCOROCA,1028,1,101
1030,VOCOROCA,1029,1,1414
1031,VOCOROCA,1030,1,1414
1032,VOCOROCA,1031,1,2222
1033,VOCOROCA,1032,1,101
1034,VOCOROCA,1033,1,1414
1035,VOCOROCA,1034,1,1414
1036,VOCOROCA,1035,1,1414
1037,VOCOROCA,1036,1,1414
1038,VOCOROCA,1037,1,1414
1039,VOCOROCA,1038,1,1414
1040,VOCOROCA,1039,1,1414
1041,VOCOROCA,1040,1,114
1042,VOCOROCA,1041,1,1414
1043,VOCOROCA,1042,1,2222
1044,VOCOROCA,1043,1,1401
1045,VOCOROCA,1044,1,2222
1046,VOCOROCA,1045,1,101
1047,VOCOROCA,1046,1,1422
1048,VOCOROCA,1047,1,1414
1049,VOCOROCA,1048,1,1414
1050,VOCOROCA,1049,1,1401
1051,VOCOROCA,1050,1,1414
1052,VOCOROCA,1051,1,1014
1053,VOCOROCA,1052,1,114
1054,VOCOROCA,1053,1,1414
1055,VOCOROCA,1054,1,1414
1056,VOCOROCA,1055,1,1414
1057,VOCOROCA,1056,1,101
1058,VOCOROCA,1057,1,1414
1059,VOCOROCA,1058,1,122
1060,VOCOROCA,1059,1,2222
1061,VOCOROCA,1060,1,1401
1062,VOCOROCA,1061,1,1414
1063,VOCOROCA,1062,1,1414
1064,VOCOROCA,1063,1,1414
1065,VOCOROCA,1064,1,1414
1066,VOCOROCA,1065,1,1414
1068,VOCOROCA,1067,1,2222
1069,VOCOROCA,1068,1,2222
1070,VOCOROCA,1069,1,1422
1071,VOCOROCA,1070,1,1414
1072,VOCOROCA,1071,1,1414
1073,VOCOROCA,1072,1,1422
1074,VOCOROCA,1073,1,1422
1075,VOCOROCA,1074,1,1422
1076,VOCOROCA,1075,1,1414
1077,RAVINA,1076,1,114
1078,VOCOROCA,1077,1,1422
1080,VOCOROCA,1079,1,1422
1081,RAVINA,1080,1,2222
1082,VOCOROCA,1081,1,1422
1083,VOCOROCA,1082,1,1422
1084,RAVINA,1083,1,1414
1085,VOCOROCA,1084,1,1422
1086,RAVINA,1085,1,114
1087,RAVINA,1086,1,1410
1088,VOCOROCA,1087,1,1422
1089,VOCOROCA,1088,1,101
1090,VOCOROCA,1089,1,1422
1091,RAVINA,1090,1,122
1092,RAVINA,1091,1,2222
1093,VOCOROCA,1092,1,1414
1094,VOCOROCA,1093,1,1414
1095,VOCOROCA,1094,1,1422
1096,VOCOROCA,1095,1,1414
1097,VOCOROCA,1096,1,101
1098,RAVINA,1097,1,1422
1099,VOCOROCA,1098,1,1414
1100,RAVINA,1099,1,1422
1101,VOCOROCA,1100,1,1414
1102,VOCOROCA,1101,1,1414
1103,VOCOROCA,1102,1,1414
1104,VOCOROCA,1103,1,114
1105,VOCOROCA,1104,1,1414
1106,RAVINA,1105,1,1414
1107,VOCOROCA,1106,1,101
1108,RAVINA,1107,1,1422
1109,RAVINA,1108,1,114
1110,VOCOROCA,1109,1,2222
1111,RAVINA,1110,1,1414
1112,VOCOROCA,1111,1,1414
1113,VOCOROCA,1112,1,1414
1114,VOCOROCA,1113,1,1414
1115,VOCOROCA,1114,1,1414
1116,VOCOROCA,1115,1,101
1117,VOCOROCA,1116,1,1422
1118,VOCOROCA,1117,1,1422
1119,VOCOROCA,1118,1,1401
1120,VOCOROCA,1119,1,1414
1121,VOCOROCA,1120,1,1401
1122,VOCOROCA,1121,1,114
1123,VOCOROCA,1122,1,1401
1124,VOCOROCA,1123,1,1414
1125,VOCOROCA,1124,1,1401
1126,VOCOROCA,1125,1,1414
1127,VOCOROCA,1126,1,101
1128,VOCOROCA,1127,1,1422
1129,VOCOROCA,1128,1,1414
1130,VOCOROCA,1129,1,1414
1131,RAVINA,1130,1,1414
1132,VOCOROCA,1131,1,1414
1133,VOCOROCA,1132,1,1414
1134,RAVINA,1133,1,1414
1135,VOCOROCA,1134,1,1414
1136,VOCOROCA,1135,1,1414
1137,VOCOROCA,1136,1,1414
1138,VOCOROCA,1137,1,1414
1139,VOCOROCA,1138,1,1422
1140,VOCOROCA,1139,1,2222
1141,RAVINA,1140,1,1414
1142,RAVINA,1141,1,1414
1143,RAVINA,1142,1,1414
1144,VOCOROCA,1143,1,1414
1145,VOCOROCA,1144,1,1401
1146,VOCOROCA,1145,1,1414
1147,RAVINA,1146,1,1414
1148,RAVINA,1147,1,1414
1149,RAVINA,1148,1,1414
1150,VOCOROCA,1149,1,1414
1151,VOCOROCA,1150,1,101
1152,VOCOROCA,1151,1,1414
1153,VOCOROCA,1152,1,1414
1154,VOCOROCA,1153,1,1414
1155,VOCOROCA,1154,1,1414
1156,VOCOROCA,1155,1,101
1157,VOCOROCA,1156,1,1422
1158,VOCOROCA,1157,1,2222
1159,VOCOROCA,1158,1,1401
1160,VOCOROCA,1159,1,1414
1161,RAVINA,1160,1,114
1162,VOCOROCA,1161,1,1422
1163,VOCOROCA,1162,1,1414
1164,VOCOROCA,1163,1,1422
1165,VOCOROCA,1164,1,1414
1166,VOCOROCA,1165,1,1414
1167,VOCOROCA,1166,1,1414
1168,RAVINA,1167,1,1414
1169,VOCOROCA,1168,1,1414
1170,VOCOROCA,1169,1,1422
1171,VOCOROCA,1170,1,1422
1172,VOCOROCA,1171,1,2222
1173,RAVINA,1172,1,1414
1174,RAVINA,1173,1,1422
1175,RAVINA,1174,1,2222
1176,VOCOROCA,1175,1,1422
1177,VOCOROCA,1176,1,1414
1178,RAVINA,1177,1,1422
1179,VOCOROCA,1178,1,1414
1180,VOCOROCA,1179,1,1422
1181,VOCOROCA,1180,1,1414
1182,RAVINA,1181,1,1414
1183,RAVINA,1182,1,1414
1184,VOCOROCA,1183,1,2222
1185,RAVINA,1184,1,1422
1186,RAVINA,1185,1,1422
1188,VOCOROCA,1187,1,1414
1189,VOCOROCA,1188,1,1422
1190,VOCOROCA,1189,1,1422
1191,VOCOROCA,1190,1,1422
1192,RAVINA,1191,1,1422
1193,RAVINA,1192,1,1414
1194,RAVINA,1193,1,1414
1195,RAVINA,1194,1,1414
1196,RAVINA,1195,1,1414
1197,RAVINA,1196,1,1414
1198,RAVINA,1197,1,1422
1199,VOCOROCA,1198,1,1414
1200,VOCOROCA,1199,1,1414
1201,VOCOROCA,1200,1,1414
1202,VOCOROCA,1201,1,1414
1203,VOCOROCA,1202,1,2222
1204,VOCOROCA,1203,1,1414
1205,RAVINA,1204,1,1422
1206,RAVINA,1205,1,1422
1208,RAVINA,1207,1,1422
1209,VOCOROCA,1208,1,2222
1210,VOCOROCA,1209,1,2222
1211,VOCOROCA,1210,1,2222
1212,RAVINA,1211,1,2222
1213,RAVINA,1212,1,2222
1214,VOCOROCA,1213,1,1414
1215,VOCOROCA,1214,1,122
1216,VOCOROCA,1215,1,1422
1217,VOCOROCA,1216,1,1401
1218,VOCOROCA,1217,1,2222
1219,VOCOROCA,1218,1,1414
1220,VOCOROCA,1219,1,1414
1221,VOCOROCA,1220,1,2222
1222,RAVINA,1221,1,2222
1223,VOCOROCA,1222,1,2222
1224,RAVINA,1223,1,1414
1225,RAVINA,1224,1,1422
1226,VOCOROCA,1225,1,1414
1227,VOCOROCA,1226,1,1422
1228,RAVINA,1227,1,1414
1229,VOCOROCA,1228,1,1414
1230,RAVINA,1229,1,1414
1231,VOCOROCA,1230,1,1422
1232,VOCOROCA,1231,1,1414
1233,VOCOROCA,1232,1,1414
1234,RAVINA,1233,1,1414
1235,RAVINA,1234,1,1414
1236,VOCOROCA,1235,1,2222
1237,VOCOROCA,1236,1,1422
1238,VOCOROCA,1237,1,1422
1239,RAVINA,1238,1,1414
1240,RAVINA,1239,1,1414
1241,VOCOROCA,1240,1,1422
1242,VOCOROCA,1241,1,1414
1243,VOCOROCA,1242,1,1422
1244,VOCOROCA,1243,1,1414
1245,VOCOROCA,1244,1,2222
1246,RAVINA,1245,1,1414
1247,VOCOROCA,1246,1,1414
1248,VOCOROCA,1247,1,1414
1249,VOCOROCA,1248,1,1414
1250,RAVINA,1249,1,1422
1251,RAVINA,1250,1,1414
1252,VOCOROCA,1251,1,1422
1253,VOCOROCA,1252,1,1414
1254,VOCOROCA,1253,1,1414
1255,VOCOROCA,1254,1,1414
1256,VOCOROCA,1255,1,2222
1257,VOCOROCA,1256,1,2222
1258,VOCOROCA,1257,1,1414
1259,VOCOROCA,1258,1,1422
1260,VOCOROCA,1259,1,1422
1261,RAVINA,1260,1,1422
1262,VOCOROCA,1261,1,1422
1263,VOCOROCA,1262,1,1422
1264,VOCOROCA,1263,1,1414
1265,RAVINA,1264,1,1422
1266,VOCOROCA,1265,1,1414
1267,VOCOROCA,1266,1,1414
1268,RAVINA,1267,1,1422
1269,VOCOROCA,1268,1,1422
1270,VOCOROCA,1269,1,2222
1271,RAVINA,1270,1,2222
1272,RAVINA,1271,1,1422
1273,VOCOROCA,1272,1,1422
1274,RAVINA,1273,1,1422
1275,VOCOROCA,1274,1,1414
1276,VOCOROCA,1275,1,1414
1277,VOCOROCA,1276,1,1422
1278,VOCOROCA,1277,1,1414
1279,VOCOROCA,1278,1,1414
1280,VOCOROCA,1279,1,1414
1281,VOCOROCA,1280,1,2222
1282,RAVINA,1281,1,2222
1283,VOCOROCA,1282,1,1414
1284,RAVINA,1283,1,1414
1285,VOCOROCA,1284,1,1414
1286,RAVINA,1285,1,114
1287,RAVINA,1286,1,1414
1288,VOCOROCA,1287,1,1414
1289,RAVINA,1288,1,1414
1290,RAVINA,1289,1,1414
1291,VOCOROCA,1290,1,1414
1292,RAVINA,1291,1,1414
1293,VOCOROCA,1292,1,1414
1294,VOCOROCA,1293,1,1414
1295,VOCOROCA,1294,1,1414
1296,RAVINA,1295,1,2222
1297,VOCOROCA,1296,1,1414
1298,RAVINA,1297,1,1414
1299,RAVINA,1298,1,1414
1300,RAVINA,1299,1,1414
1301,RAVINA,1300,1,2222
1302,RAVINA,1301,1,1414
1303,RAVINA,1302,1,1414
1304,RAVINA,1303,1,1414
1305,RAVINA,1304,1,1422
1306,RAVINA,1305,1,2222
1307,RAVINA,1306,1,1414
1308,VOCOROCA,1307,1,1414
1309,RAVINA,1308,1,2222
1310,VOCOROCA,1309,1,2222
1311,VOCOROCA,1310,1,2222
1312,VOCOROCA,1311,1,1414
1313,VOCOROCA,1312,1,2222
1314,VOCOROCA,1313,1,1414
1315,VOCOROCA,1314,1,1414
1316,VOCOROCA,1315,1,1422
1317,RAVINA,1316,1,1414
1318,RAVINA,1317,1,1414
1319,RAVINA,1318,1,1422
1320,RAVINA,1319,1,1422
1321,RAVINA,1320,1,1422
1322,VOCOROCA,1321,1,1414
1323,RAVINA,1322,1,1422
1324,VOCOROCA,1323,1,1414
1325,RAVINA,1324,1,1414
1326,RAVINA,1325,1,2222
1327,RAVINA,1326,1,1414
1328,VOCOROCA,1327,1,2222
1329,RAVINA,1328,1,1414
1330,RAVINA,1329,1,2222
1331,RAVINA,1330,1,1422
1332,RAVINA,1331,1,1414
1333,RAVINA,1332,1,1414
1334,VOCOROCA,1333,1,1414
1335,RAVINA,1334,1,114
1336,RAVINA,1335,1,122
1337,VOCOROCA,1336,1,2222
1338,RAVINA,1337,1,2222
1339,RAVINA,1338,1,101
1340,VOCOROCA,1339,1,1414
1342,RAVINA,1341,1,1414
1343,VOCOROCA,1342,1,1414
1344,RAVINA,1343,1,1414
1345,RAVINA,1344,1,1414
1346,RAVINA,1345,1,1414
1347,RAVINA,1346,1,1414
1348,RAVINA,1347,1,1414
1349,RAVINA,1348,1,1414
1350,RAVINA,1349,1,1414
1351,RAVINA,1350,1,1414
1352,RAVINA,1351,1,1414
1353,RAVINA,1352,1,1414
1354,VOCOROCA,1353,1,1414
1355,RAVINA,1354,1,1414
1356,VOCOROCA,1355,1,1414
1357,RAVINA,1356,1,2222
1358,VOCOROCA,1357,1,1414
1359,RAVINA,1358,1,2222
1360,VOCOROCA,1359,1,1414
1361,VOCOROCA,1360,1,1422
1362,VOCOROCA,1361,1,1414
1363,VOCOROCA,1362,1,1414
1364,VOCOROCA,1363,1,1414
1365,RAVINA,1364,1,1414
1366,VOCOROCA,1365,1,1414
1367,RAVINA,1366,1,1414
1368,RAVINA,1367,1,1422
1369,VOCOROCA,1368,1,1422
1370,RAVINA,1369,1,1422
1371,VOCOROCA,1370,1,2222
1372,VOCOROCA,1371,1,1414
1373,VOCOROCA,1372,1,2222
1374,VOCOROCA,1373,1,1414
1375,RAVINA,1374,1,2222
1376,RAVINA,1375,1,1422
1377,RAVINA,1376,1,1414
1378,VOCOROCA,1377,1,1422
1379,RAVINA,1378,1,1414
1380,RAVINA,1379,1,2222
1381,RAVINA,1380,1,1422
1382,RAVINA,1381,1,1414
1383,RAVINA,1382,1,1414
1384,RAVINA,1383,1,1414
1385,RAVINA,1384,1,1414
1386,RAVINA,1385,1,1414
1387,RAVINA,1386,1,1414
1388,RAVINA,1387,1,2214
1389,RAVINA,1388,1,1422
1390,RAVINA,1389,1,2222
1391,RAVINA,1390,1,2222
1392,RAVINA,1391,1,1422
1393,VOCOROCA,1392,1,1422
1394,RAVINA,1393,1,1414
1395,RAVINA,1394,1,2222
1396,VOCOROCA,1395,1,1422
1397,VOCOROCA,1396,1,1422
1398,VOCOROCA,1397,1,1422
1399,SEM_EROSAO,1398,0,1401
1400,SEM_EROSAO,1399,0,1414
1401,SEM_EROSAO,1400,0,2626
1402,SEM_EROSAO,1401,0,1414
1403,SEM_EROSAO,1402,0,2222
1404,SEM_EROSAO,1403,0,101
1405,SEM_EROSAO,1404,0,1422
1406,SEM_EROSAO,1405,0,1414
1407,SEM_EROSAO,1406,0,101
1408,SEM_EROSAO,1407,0,1414
1409,SEM_EROSAO,1408,0,101
1410,SEM_EROSAO,1409,0,2222
1411,SEM_EROSAO,1410,0,101
1412,SEM_EROSAO,1411,0,1414
1413,SEM_EROSAO,1412,0,1414
1414,SEM_EROSAO,1413,0,2222
1415,SEM_EROSAO,1414,0,122
1416,SEM_EROSAO,1415,0,101
1417,SEM_EROSAO,1416,0,101
1418,SEM_EROSAO,1417,0,101
1419,SEM_EROSAO,1418,0,1414
1420,SEM_EROSAO,1419,0,1414
1421,SEM_EROSAO,1420,0,1414
1422,SEM_EROSAO,1421,0,2222
1423,SEM_EROSAO,1422,0,1401
1424,SEM_EROSAO,1423,0,1414
1425,SEM_EROSAO,1424,0,1414
1426,SEM_EROSAO,1425,0,2222
1427,SEM_EROSAO,1426,0,101
1428,SEM_EROSAO,1427,0,1414
1429,SEM_EROSAO,1428,0,1414
1430,SEM_EROSAO,1429,0,101
1431,SEM_EROSAO,1430,0,114
1432,SEM_EROSAO,1431,0,1422
1433,SEM_EROSAO,1432,0,2222
1434,SEM_EROSAO,1433,0,101
1435,SEM_EROSAO,1434,0,1414
1436,SEM_EROSAO,1435,0,101
1437,SEM_EROSAO,1436,0,2222
1438,SEM_EROSAO,1437,0,1422
1439,SEM_EROSAO,1438,0,1414
1440,SEM_EROSAO,1439,0,101
1441,SEM_EROSAO,1440,0,101
1442,SEM_EROSAO,1441,0,101
1443,SEM_EROSAO,1442,0,101
1444,SEM_EROSAO,1443,0,101
1445,SEM_EROSAO,1444,0,1414
1446,SEM_EROSAO,1445,0,1414
1447,SEM_EROSAO,1446,0,1414
1448,SEM_EROSAO,1447,0,101
1449,SEM_EROSAO,1448,0,1414
1450,SEM_EROSAO,1449,0,1422
1451,SEM_EROSAO,1450,0,101
1452,SEM_EROSAO,1451,0,1414
1453,SEM_EROSAO,1452,0,101
1454,SEM_EROSAO,1453,0,101
1455,SEM_EROSAO,1454,0,1422
1456,SEM_EROSAO,1455,0,1414
1457,SEM_EROSAO,1456,0,101
1458,SEM_EROSAO,1457,0,1414
1459,SEM_EROSAO,1458,0,1422
1460,SEM_EROSAO,1459,0,1414
1461,SEM_EROSAO,1460,0,1422
1462,SEM_EROSAO,1461,0,1401
1463,SEM_EROSAO,1462,0,101
1464,SEM_EROSAO,1463,0,2222
1465,SEM_EROSAO,1464,0,101
1466,SEM_EROSAO,1465,0,1414
1467,SEM_EROSAO,1466,0,1414
1468,SEM_EROSAO,1467,0,2222
1469,SEM_EROSAO,1468,0,1422
1470,SEM_EROSAO,1469,0,1422
1471,SEM_EROSAO,1470,0,1414
1472,SEM_EROSAO,1471,0,1414
1473,SEM_EROSAO,1472,0,101
1474,SEM_EROSAO,1473,0,101
1475,SEM_EROSAO,1474,0,1422
1476,SEM_EROSAO,1475,0,1422
1477,SEM_EROSAO,1476,0,1414
1478,SEM_EROSAO,1477,0,1414
1479,SEM_EROSAO,1478,0,2626
1480,SEM_EROSAO,1479,0,1414
1481,SEM_EROSAO,1480,0,1414
1482,SEM_EROSAO,1481,0,101
1483,SEM_EROSAO,1482,0,1414
1484,SEM_EROSAO,1483,0,1414
1485,SEM_EROSAO,1484,0,2614
1486,SEM_EROSAO,1485,0,1414
1487,SEM_EROSAO,1486,0,1414
1488,SEM_EROSAO,1487,0,101
1489,SEM_EROSAO,1488,0,1422
1490,SEM_EROSAO,1489,0,1414
1491,SEM_EROSAO,1490,0,1414
1492,SEM_EROSAO,1491,0,1414
1493,SEM_EROSAO,1492,0,1422
1494,SEM_EROSAO,1493,0,101
1495,SEM_EROSAO,1494,0,2222
1496,SEM_EROSAO,1495,0,1414
1497,SEM_EROSAO,1496,0,1422
1498,SEM_EROSAO,1497,0,1422
1499,SEM_EROSAO,1498,0,2626
1500,SEM_EROSAO,1499,0,1422
1501,SEM_EROSAO,1500,0,101
1502,SEM_EROSAO,1501,0,2222
1503,SEM_EROSAO,1502,0,101
1504,SEM_EROSAO,1503,0,1414
1505,SEM_EROSAO,1504,0,101
1506,SEM_EROSAO,1505,0,2222
1507,SEM_EROSAO,1506,0,1422
1508,SEM_EROSAO,1507,0,101
1509,SEM_EROSAO,1508,0,2222
1510,SEM_EROSAO,1509,0,1414
1511,SEM_EROSAO,1510,0,1414
1512,SEM_EROSAO,1511,0,1414
1513,SEM_EROSAO,1512,0,1422
1514,SEM_EROSAO,1513,0,2222
1515,SEM_EROSAO,1514,0,1414
1516,SEM_EROSAO,1515,0,2222
1517,SEM_EROSAO,1516,0,101
1518,SEM_EROSAO,1517,0,101
1519,SEM_EROSAO,1518,0,2626
1520,SEM_EROSAO,1519,0,1414
1521,SEM_EROSAO,1520,0,101
1522,SEM_EROSAO,1521,0,1401
1523,SEM_EROSAO,1522,0,1422
1524,SEM_EROSAO,1523,0,101
1525,SEM_EROSAO,1524,0,1422
1526,SEM_EROSAO,1525,0,1414
1527,SEM_EROSAO,1526,0,2222
1528,SEM_EROSAO,1527,0,1401
1529,SEM_EROSAO,1528,0,1422
1530,SEM_EROSAO,1529,0,2626
1531,SEM_EROSAO,1530,0,1414
1532,SEM_EROSAO,1531,0,101
1533,SEM_EROSAO,1532,0,1414
1534,SEM_EROSAO,1533,0,101
1535,SEM_EROSAO,1534,0,1414
1536,SEM_EROSAO,1535,0,101
1537,SEM_EROSAO,1536,0,101
1538,SEM_EROSAO,1537,0,101
1539,SEM_EROSAO,1538,0,2222
1540,SEM_EROSAO,1539,0,1422
1541,SEM_EROSAO,1540,0,1414
1542,SEM_EROSAO,1541,0,1414
1543,SEM_EROSAO,1542,0,1414
1544,SEM_EROSAO,1543,0,101
1545,SEM_EROSAO,1544,0,101
1546,SEM_EROSAO,1545,0,101
1547,SEM_EROSAO,1546,0,1414
1548,SEM_EROSAO,1547,0,2626
1549,SEM_EROSAO,1548,0,2222
1550,SEM_EROSAO,1549,0,101
1551,SEM_EROSAO,1550,0,2222
1552,SEM_EROSAO,1551,0,101
1553,SEM_EROSAO,1552,0,1414
1554,SEM_EROSAO,1553,0,1414
1555,SEM_EROSAO,1554,0,101
1556,SEM_EROSAO,1555,0,1414
1557,SEM_EROSAO,1556,0,1422
1558,SEM_EROSAO,1557,0,101
1559,SEM_EROSAO,1558,0,1414
1560,SEM_EROSAO,1559,0,1401
1561,SEM_EROSAO,1560,0,101
1562,SEM_EROSAO,1561,0,1414
1563,SEM_EROSAO,1562,0,1414
1564,SEM_EROSAO,1563,0,114
1565,SEM_EROSAO,1564,0,1414
1566,SEM_EROSAO,1565,0,101
1567,SEM_EROSAO,1566,0,1414
1568,SEM_EROSAO,1567,0,2222
1569,SEM_EROSAO,1568,0,101
1570,SEM_EROSAO,1569,0,2222
1571,SEM_EROSAO,1570,0,1422
1572,SEM_EROSAO,1571,0,1422
1573,SEM_EROSAO,1572,0,101
1574,SEM_EROSAO,1573,0,2222
1575,SEM_EROSAO,1574,0,2222
1576,SEM_EROSAO,1575,0,1422
1577,SEM_EROSAO,1576,0,1414
1578,SEM_EROSAO,1577,0,101
1579,SEM_EROSAO,1578,0,1414
1580,SEM_EROSAO,1579,0,1422
1581,SEM_EROSAO,1580,0,101
1582,SEM_EROSAO,1581,0,101
1583,SEM_EROSAO,1582,0,101
1584,SEM_EROSAO,1583,0,1414
1585,SEM_EROSAO,1584,0,1422
1586,SEM_EROSAO,1585,0,1414
1587,SEM_EROSAO,1586,0,101
1588,SEM_EROSAO,1587,0,1414
1589,SEM_EROSAO,1588,0,114
1590,SEM_EROSAO,1589,0,101
1591,SEM_EROSAO,1590,0,1414
1592,SEM_EROSAO,1591,0,1414
1593,SEM_EROSAO,1592,0,1414
1594,SEM_EROSAO,1593,0,1414
1595,SEM_EROSAO,1594,0,1414
1596,SEM_EROSAO,1595,0,101
1597,SEM_EROSAO,1596,0,101
1598,SEM_EROSAO,1597,0,101
1599,SEM_EROSAO,1598,0,1414
1600,SEM_EROSAO,1599,0,1414
1601,SEM_EROSAO,1600,0,1414
1602,SEM_EROSAO,1601,0,1414
1603,SEM_EROSAO,1602,0,1414
1604,SEM_EROSAO,1603,0,1426
1605,SEM_EROSAO,1604,0,2222
1606,SEM_EROSAO,1605,0,2222
1607,SEM_EROSAO,1606,0,1422
1608,SEM_EROSAO,1607,0,1414
1609,SEM_EROSAO,1608,0,1422
1610,SEM_EROSAO,1609,0,1414
1611,SEM_EROSAO,1610,0,1414
1612,SEM_EROSAO,1611,0,101
1613,SEM_EROSAO,1612,0,1414
1614,SEM_EROSAO,1613,0,1414
1615,SEM_EROSAO,1614,0,1422
1616,SEM_EROSAO,1615,0,1426
1617,SEM_EROSAO,1616,0,1414
1618,SEM_EROSAO,1617,0,1414
1619,SEM_EROSAO,1618,0,1422
1620,SEM_EROSAO,1619,0,1414
1621,SEM_EROSAO,1620,0,2222
1622,SEM_EROSAO,1621,0,1422
1623,SEM_EROSAO,1622,0,1414
1624,SEM_EROSAO,1623,0,1414
1625,SEM_EROSAO,1624,0,1422
1626,SEM_EROSAO,1625,0,1414
1627,SEM_EROSAO,1626,0,114
1628,SEM_EROSAO,1627,0,1422
1629,SEM_EROSAO,1628,0,1414
1630,SEM_EROSAO,1629,0,2222
1631,SEM_EROSAO,1630,0,1414
1632,SEM_EROSAO,1631,0,1414
1633,SEM_EROSAO,1632,0,1414
1634,SEM_EROSAO,1633,0,1414
1635,SEM_EROSAO,1634,0,114
1636,SEM_EROSAO,1635,0,1422
1637,SEM_EROSAO,1636,0,1422
1638,SEM_EROSAO,1637,0,1414
1639,SEM_EROSAO,1638,0,2222
1640,SEM_EROSAO,1639,0,101
1641,SEM_EROSAO,1640,0,1414
1642,SEM_EROSAO,1641,0,1414
1643,SEM_EROSAO,1642,0,2222
1644,SEM_EROSAO,1643,0,1414
1645,SEM_EROSAO,1644,0,2222
1646,SEM_EROSAO,1645,0,101
1647,SEM_EROSAO,1646,0,1422
1648,SEM_EROSAO,1647,0,2626
1649,SEM_EROSAO,1648,0,1426
1650,SEM_EROSAO,1649,0,2222
1651,SEM_EROSAO,1650,0,1414
1652,SEM_EROSAO,1651,0,1414
1653,SEM_EROSAO,1652,0,1414
1654,SEM_EROSAO,1653,0,2222
1655,SEM_EROSAO,1654,0,2222
1656,SEM_EROSAO,1655,0,1414
1657,SEM_EROSAO,1656,0,1410
1658,SEM_EROSAO,1657,0,1414
1659,SEM_EROSAO,1658,0,2222
1660,SEM_EROSAO,1659,0,101
1661,SEM_EROSAO,1660,0,1414
1662,SEM_EROSAO,1661,0,1422
1663,SEM_EROSAO,1662,0,1414
1664,SEM_EROSAO,1663,0,1414
1665,SEM_EROSAO,1664,0,1422
1666,SEM_EROSAO,1665,0,101
1667,SEM_EROSAO,1666,0,101
1668,SEM_EROSAO,1667,0,1414
1669,SEM_EROSAO,1668,0,1414
1670,SEM_EROSAO,1669,0,101
1671,SEM_EROSAO,1670,0,101
1672,SEM_EROSAO,1671,0,2222
1673,SEM_EROSAO,1672,0,2222
1674,SEM_EROSAO,1673,0,1414
1675,SEM_EROSAO,1674,0,2222
1676,SEM_EROSAO,1675,0,1414
1677,SEM_EROSAO,1676,0,2626
1678,SEM_EROSAO,1677,0,2222
1679,SEM_EROSAO,1678,0,1414
1680,SEM_EROSAO,1679,0,1414
1681,SEM_EROSAO,1680,0,1414
1682,SEM_EROSAO,1681,0,1401
1683,SEM_EROSAO,1682,0,1414
1684,SEM_EROSAO,1683,0,101
1685,SEM_EROSAO,1684,0,2222
1686,SEM_EROSAO,1685,0,2626
1687,SEM_EROSAO,1686,0,1414
1688,SEM_EROSAO,1687,0,1422
1689,SEM_EROSAO,1688,0,1414
1690,SEM_EROSAO,1689,0,1422
1691,SEM_EROSAO,1690,0,1422
1692,SEM_EROSAO,1691,0,1414
1693,SEM_EROSAO,1692,0,101
1694,SEM_EROSAO,1693,0,1414
1695,SEM_EROSAO,1694,0,101
1696,SEM_EROSAO,1695,0,101
1697,SEM_EROSAO,1696,0,2222
1698,SEM_EROSAO,1697,0,101
1699,SEM_EROSAO,1698,0,2222
1700,SEM_EROSAO,1699,0,1414
1701,SEM_EROSAO,1700,0,1422
1702,SEM_EROSAO,1701,0,1414
1703,SEM_EROSAO,1702,0,1422
1704,SEM_EROSAO,1703,0,1414
1705,SEM_EROSAO,1704,0,101
1706,SEM_EROSAO,1705,0,2222
1707,SEM_EROSAO,1706,0,1422
1708,SEM_EROSAO,1707,0,2222
1709,SEM_EROSAO,1708,0,2222
1710,SEM_EROSAO,1709,0,1414
1711,SEM_EROSAO,1710,0,101
1712,SEM_EROSAO,1711,0,2222
1713,SEM_EROSAO,1712,0,1414
1714,SEM_EROSAO,1713,0,1414
1715,SEM_EROSAO,1714,0,1414
1716,SEM_EROSAO,1715,0,1414
1717,SEM_EROSAO,1716,0,1414
1718,SEM_EROSAO,1717,0,1414
1719,SEM_EROSAO,1718,0,1414
1720,SEM_EROSAO,1719,0,101
1721,SEM_EROSAO,1720,0,1414
1722,SEM_EROSAO,1721,0,101
1723,SEM_EROSAO,1722,0,1414
1724,SEM_EROSAO,1723,0,1414
1725,SEM_EROSAO,1724,0,101
1726,SEM_EROSAO,1725,0,2222
1727,SEM_EROSAO,1726,0,101
1728,SEM_EROSAO,1727,0,101
1729,SEM_EROSAO,1728,0,1414
1730,SEM_EROSAO,1729,0,101
1731,SEM_EROSAO,1730,0,2626
1732,SEM_EROSAO,1731,0,2222
1733,SEM_EROSAO,1732,0,1401
1734,SEM_EROSAO,1733,0,2222
1735,SEM_EROSAO,1734,0,2626
1736,SEM_EROSAO,1735,0,101
1737,SEM_EROSAO,1736,0,1414
1738,SEM_EROSAO,1737,0,1414
1739,SEM_EROSAO,1738,0,1422
1740,SEM_EROSAO,1739,0,1422
1741,SEM_EROSAO,1740,0,1414
1742,SEM_EROSAO,1741,0,101
1743,SEM_EROSAO,1742,0,1414
1744,SEM_EROSAO,1743,0,2222
1745,SEM_EROSAO,1744,0,114
1746,SEM_EROSAO,1745,0,1414
1747,SEM_EROSAO,1746,0,101
1748,SEM_EROSAO,1747,0,1414
1749,SEM_EROSAO,1748,0,1414
1750,SEM_EROSAO,1749,0,1414
1751,SEM_EROSAO,1750,0,101
1752,SEM_EROSAO,1751,0,1414
1753,SEM_EROSAO,1752,0,101
1754,SEM_EROSAO,1753,0,114
1755,SEM_EROSAO,1754,0,101
1756,SEM_EROSAO,1755,0,101
1757,SEM_EROSAO,1756,0,1414
1758,SEM_EROSAO,1757,0,101
1759,SEM_EROSAO,1758,0,2222
1760,SEM_EROSAO,1759,0,2222
1761,SEM_EROSAO,1760,0,101
1762,SEM_EROSAO,1761,0,2222
1763,SEM_EROSAO,1762,0,1414
1764,SEM_EROSAO,1763,0,1414
1765,SEM_EROSAO,1764,0,101
1766,SEM_EROSAO,1765,0,101
1767,SEM_EROSAO,1766,0,101
1768,SEM_EROSAO,1767,0,2222
1769,SEM_EROSAO,1768,0,1414
1770,SEM_EROSAO,1769,0,2222
1771,SEM_EROSAO,1770,0,1414
1772,SEM_EROSAO,1771,0,1414
1773,SEM_EROSAO,1772,0,1422
1774,SEM_EROSAO,1773,0,1414
1775,SEM_EROSAO,1774,0,1414
1776,SEM_EROSAO,1775,0,1414
1777,SEM_EROSAO,1776,0,114
1778,SEM_EROSAO,1777,0,1401
1779,SEM_EROSAO,1778,0,1414
1780,SEM_EROSAO,1779,0,1414
1781,SEM_EROSAO,1780,0,101
1782,SEM_EROSAO,1781,0,1401
1783,SEM_EROSAO,1782,0,101
1784,SEM_EROSAO,1783,0,1414
1785,SEM_EROSAO,1784,0,1414
1786,SEM_EROSAO,1785,0,1414
1787,SEM_EROSAO,1786,0,1422
1788,SEM_EROSAO,1787,0,1414
1789,SEM_EROSAO,1788,0,101
1790,SEM_EROSAO,1789,0,2222
1791,SEM_EROSAO,1790,0,1422
1792,SEM_EROSAO,1791,0,101
1793,SEM_EROSAO,1792,0,114
1794,SEM_EROSAO,1793,0,2222
1795,SEM_EROSAO,1794,0,1414
1796,SEM_EROSAO,1795,0,101
1797,SEM_EROSAO,1796,0,2222
1798,SEM_EROSAO,1797,0,101
1799,SEM_EROSAO,1798,0,2222
1800,SEM_EROSAO,1799,0,1414
1801,SEM_EROSAO,1800,0,2222
1802,SEM_EROSAO,1801,0,1401
1803,SEM_EROSAO,1802,0,1414
1804,SEM_EROSAO,1803,0,114
1805,SEM_EROSAO,1804,0,101
1806,SEM_EROSAO,1805,0,2222
1807,SEM_EROSAO,1806,0,1414
1808,SEM_EROSAO,1807,0,1422
1809,SEM_EROSAO,1808,0,1414
1810,SEM_EROSAO,1809,0,101
1811,SEM_EROSAO,1810,0,1414
1812,SEM_EROSAO,1811,0,101
1813,SEM_EROSAO,1812,0,1414
1814,SEM_EROSAO,1813,0,1414
1815,SEM_EROSAO,1814,0,1414
1816,SEM_EROSAO,1815,0,114
1817,SEM_EROSAO,1816,0,1422
1818,SEM_EROSAO,1817,0,101
1819,SEM_EROSAO,1818,0,2222
1820,SEM_EROSAO,1819,0,101
1821,SEM_EROSAO,1820,0,2222
1822,SEM_EROSAO,1821,0,2222
1823,SEM_EROSAO,1822,0,1414
1824,SEM_EROSAO,1823,0,1414
1825,SEM_EROSAO,1824,0,1414
1826,SEM_EROSAO,1825,0,2222
1827,SEM_EROSAO,1826,0,101
1828,SEM_EROSAO,1827,0,1414
1829,SEM_EROSAO,1828,0,1414
1830,SEM_EROSAO,1829,0,1414
1831,SEM_EROSAO,1830,0,1422
1832,SEM_EROSAO,1831,0,101
1833,SEM_EROSAO,1832,0,1401
1834,SEM_EROSAO,1833,0,1414
1835,SEM_EROSAO,1834,0,2222
1836,SEM_EROSAO,1835,0,2222
1837,SEM_EROSAO,1836,0,1414
1838,SEM_EROSAO,1837,0,101
1839,SEM_EROSAO,1838,0,1414
1840,SEM_EROSAO,1839,0,2222
1841,SEM_EROSAO,1840,0,1414
1842,SEM_EROSAO,1841,0,1414
1843,SEM_EROSAO,1842,0,2222
1844,SEM_EROSAO,1843,0,2222
1845,SEM_EROSAO,1844,0,1414
1846,SEM_EROSAO,1845,0,1401
1847,SEM_EROSAO,1846,0,2222
1848,SEM_EROSAO,1847,0,1414
1849,SEM_EROSAO,1848,0,1414
1850,SEM_EROSAO,1849,0,1414
1851,SEM_EROSAO,1850,0,101
1852,SEM_EROSAO,1851,0,1414
1853,SEM_EROSAO,1852,0,1414
1854,SEM_EROSAO,1853,0,1414
1855,SEM_EROSAO,1854,0,2626
1856,SEM_EROSAO,1855,0,101
1857,SEM_EROSAO,1856,0,1414
1858,SEM_EROSAO,1857,0,1414
1859,SEM_EROSAO,1858,0,1401
1860,SEM_EROSAO,1859,0,2222
1861,SEM_EROSAO,1860,0,2222
1862,SEM_EROSAO,1861,0,1414
1863,SEM_EROSAO,1862,0,1414
1864,SEM_EROSAO,1863,0,2626
1865,SEM_EROSAO,1864,0,1422
1866,SEM_EROSAO,1865,0,101
1867,SEM_EROSAO,1866,0,2222
1868,SEM_EROSAO,1867,0,1414
1869,SEM_EROSAO,1868,0,1414
1870,SEM_EROSAO,1869,0,1422
1871,SEM_EROSAO,1870,0,101
1872,SEM_EROSAO,1871,0,1414
1873,SEM_EROSAO,1872,0,1414
1874,SEM_EROSAO,1873,0,1414
1875,SEM_EROSAO,1874,0,101
1876,SEM_EROSAO,1875,0,101
1877,SEM_EROSAO,1876,0,101
1878,SEM_EROSAO,1877,0,1414
1879,SEM_EROSAO,1878,0,1422
1880,SEM_EROSAO,1879,0,1414
1881,SEM_EROSAO,1880,0,1422
1882,SEM_EROSAO,1881,0,101
1883,SEM_EROSAO,1882,0,2222
1884,SEM_EROSAO,1883,0,2222
1885,SEM_EROSAO,1884,0,1414
1886,SEM_EROSAO,1885,0,1414
1887,SEM_EROSAO,1886,0,2222
1888,SEM_EROSAO,1887,0,101
1889,SEM_EROSAO,1888,0,101
1890,SEM_EROSAO,1889,0,1414
1891,SEM_EROSAO,1890,0,2614
1892,SEM_EROSAO,1891,0,1422
1893,SEM_EROSAO,1892,0,1401
1894,SEM_EROSAO,1893,0,1414
1895,SEM_EROSAO,1894,0,101
1896,SEM_EROSAO,1895,0,1422
1897,SEM_EROSAO,1896,0,1414
1898,SEM_EROSAO,1897,0,1414
1899,SEM_EROSAO,1898,0,1422
1900,SEM_EROSAO,1899,0,101
1901,SEM_EROSAO,1900,0,1414
1902,SEM_EROSAO,1901,0,1414
1903,SEM_EROSAO,1902,0,2222
1904,SEM_EROSAO,1903,0,101
1905,SEM_EROSAO,1904,0,1414
1906,SEM_EROSAO,1905,0,2222
1907,SEM_EROSAO,1906,0,1414
1908,SEM_EROSAO,1907,0,2222
1909,SEM_EROSAO,1908,0,114
1910,SEM_EROSAO,1909,0,1422
1911,SEM_EROSAO,1910,0,2222
1912,SEM_EROSAO,1911,0,1414
1913,SEM_EROSAO,1912,0,1401
1914,SEM_EROSAO,1913,0,114
1915,SEM_EROSAO,1914,0,1401
1916,SEM_EROSAO,1915,0,2626
1917,SEM_EROSAO,1916,0,2626
1918,SEM_EROSAO,1917,0,2222
1919,SEM_EROSAO,1918,0,1414
1920,SEM_EROSAO,1919,0,1414
1921,SEM_EROSAO,1920,0,1414
1922,SEM_EROSAO,1921,0,101
1923,SEM_EROSAO,1922,0,1414
1924,SEM_EROSAO,1923,0,2222
1925,SEM_EROSAO,1924,0,1414
1926,SEM_EROSAO,1925,0,1414
1927,SEM_EROSAO,1926,0,1414
1928,SEM_EROSAO,1927,0,1414
1929,SEM_EROSAO,1928,0,2222
1930,SEM_EROSAO,1929,0,101
1931,SEM_EROSAO,1930,0,2222
1932,SEM_EROSAO,1931,0,2222
1933,SEM_EROSAO,1932,0,2222
1934,SEM_EROSAO,1933,0,2222
1935,SEM_EROSAO,1934,0,1414
1936,SEM_EROSAO,1935,0,1414
1937,SEM_EROSAO,1936,0,1422
1938,SEM_EROSAO,1937,0,101
1939,SEM_EROSAO,1938,0,2222
1940,SEM_EROSAO,1939,0,101
1941,SEM_EROSAO,1940,0,2222
1942,SEM_EROSAO,1941,0,1401
1943,SEM_EROSAO,1942,0,1414
1944,SEM_EROSAO,1943,0,2222
1945,SEM_EROSAO,1944,0,101
1946,SEM_EROSAO,1945,0,1414
1947,SEM_EROSAO,1946,0,1414
1948,SEM_EROSAO,1947,0,1414
1949,SEM_EROSAO,1948,0,1401
1950,SEM_EROSAO,1949,0,2222
1951,SEM_EROSAO,1950,0,101
1952,SEM_EROSAO,1951,0,1414
1953,SEM_EROSAO,1952,0,2222
1954,SEM_EROSAO,1953,0,1414
1955,SEM_EROSAO,1954,0,101
1956,SEM_EROSAO,1955,0,1422
1957,SEM_EROSAO,1956,0,2222
1958,SEM_EROSAO,1957,0,1414
1959,SEM_EROSAO,1958,0,1014
1960,SEM_EROSAO,1959,0,101
1961,SEM_EROSAO,1960,0,2222
1962,SEM_EROSAO,1961,0,1414
1963,SEM_EROSAO,1962,0,2222
1964,SEM_EROSAO,1963,0,1414
1965,SEM_EROSAO,1964,0,2626
1966,SEM_EROSAO,1965,0,1414
1967,SEM_EROSAO,1966,0,101
1968,SEM_EROSAO,1967,0,2222
1969,SEM_EROSAO,1968,0,1414
1970,SEM_EROSAO,1969,0,101
1971,SEM_EROSAO,1970,0,1001
1972,SEM_EROSAO,1971,0,1414
1973,SEM_EROSAO,1972,0,1414
1974,SEM_EROSAO,1973,0,1414
1975,SEM_EROSAO,1974,0,2222
1976,SEM_EROSAO,1975,0,2222
1977,SEM_EROSAO,1976,0,2626
1978,SEM_EROSAO,1977,0,2222
1979,SEM_EROSAO,1978,0,1414
1980,SEM_EROSAO,1979,0,1414
1981,SEM_EROSAO,1980,0,2222
1982,SEM_EROSAO,1981,0,1422
1983,SEM_EROSAO,1982,0,2222
1984,SEM_EROSAO,1983,0,1414
1985,SEM_EROSAO,1984,0,1414
1986,SEM_EROSAO,1985,0,1414
1987,SEM_EROSAO,1986,0,2222
1988,SEM_EROSAO,1987,0,2222
1989,SEM_EROSAO,1988,0,1414
1990,SEM_EROSAO,1989,0,101
1991,SEM_EROSAO,1990,0,101
1992,SEM_EROSAO,1991,0,101
1993,SEM_EROSAO,1992,0,1414
1994,SEM_EROSAO,1993,0,101
1995,SEM_EROSAO,1994,0,2222
1996,SEM_EROSAO,1995,0,2222
1997,SEM_EROSAO,1996,0,101
1998,SEM_EROSAO,1997,0,2222
1999,SEM_EROSAO,1998,0,101
2000,SEM_EROSAO,1999,0,101
2001,SEM_EROSAO,2000,0,101
2002,SEM_EROSAO,2001,0,101
2003,SEM_EROSAO,2002,0,101
2004,SEM_EROSAO,2003,0,101
2005,SEM_EROSAO,2004,0,1422
2006,SEM_EROSAO,2005,0,114
2007,SEM_EROSAO,2006,0,101
2008,SEM_EROSAO,2007,0,1414
2009,SEM_EROSAO,2008,0,2222
2010,SEM_EROSAO,2009,0,101
2011,SEM_EROSAO,2010,0,101
2012,SEM_EROSAO,2011,0,101
2013,SEM_EROSAO,2012,0,2222
2014,SEM_EROSAO,2013,0,1414
2015,SEM_EROSAO,2014,0,122
2016,SEM_EROSAO,2015,0,101
2017,SEM_EROSAO,2016,0,101
2018,SEM_EROSAO,2017,0,1422
2019,SEM_EROSAO,2018,0,1414
2020,SEM_EROSAO,2019,0,101
2021,SEM_EROSAO,2020,0,122
2022,SEM_EROSAO,2021,0,1422
2023,SEM_EROSAO,2022,0,1426
2024,SEM_EROSAO,2023,0,101
2025,SEM_EROSAO,2024,0,1414
2026,SEM_EROSAO,2025,0,1414
2027,SEM_EROSAO,2026,0,101
2028,SEM_EROSAO,2027,0,1414
2029,SEM_EROSAO,2028,0,1414
2030,SEM_EROSAO,2029,0,1414
2031,SEM_EROSAO,2030,0,2222
2032,SEM_EROSAO,2031,0,1414
2033,SEM_EROSAO,2032,0,1414
2034,SEM_EROSAO,2033,0,1422
2035,SEM_EROSAO,2034,0,1414
2036,SEM_EROSAO,2035,0,1414
2037,SEM_EROSAO,2036,0,2222
2038,SEM_EROSAO,2037,0,1422
2039,SEM_EROSAO,2038,0,1401
2040,SEM_EROSAO,2039,0,1414
2041,SEM_EROSAO,2040,0,1414
2042,SEM_EROSAO,2041,0,1414
2043,SEM_EROSAO,2042,0,101
2044,SEM_EROSAO,2043,0,2222
2045,SEM_EROSAO,2044,0,2222
2046,SEM_EROSAO,2045,0,1414
2047,SEM_EROSAO,2046,0,1414
2048,SEM_EROSAO,2047,0,2222
2049,SEM_EROSAO,2048,0,1422
2050,SEM_EROSAO,2049,0,1414
2051,SEM_EROSAO,2050,0,1414
2052,SEM_EROSAO,2051,0,101
2053,SEM_EROSAO,2052,0,101
2054,SEM_EROSAO,2053,0,2222
2055,SEM_EROSAO,2054,0,1414
2056,SEM_EROSAO,2055,0,1414
2057,SEM_EROSAO,2056,0,1422
2058,SEM_EROSAO,2057,0,1414
2059,SEM_EROSAO,2058,0,2222
2060,SEM_EROSAO,2059,0,1414
2061,SEM_EROSAO,2060,0,101
2062,SEM_EROSAO,2061,0,2222
2063,SEM_EROSAO,2062,0,2222
2064,SEM_EROSAO,2063,0,2222
2065,SEM_EROSAO,2064,0,1422
2066,SEM_EROSAO,2065,0,101
2067,SEM_EROSAO,2066,0,1414
2068,SEM_EROSAO,2067,0,1422
2069,SEM_EROSAO,2068,0,1414
2070,SEM_EROSAO,2069,0,1414
2071,SEM_EROSAO,2070,0,101
2072,SEM_EROSAO,2071,0,2222
2073,SEM_EROSAO,2072,0,2222
2074,SEM_EROSAO,2073,0,101
2075,SEM_EROSAO,2074,0,2222
2076,SEM_EROSAO,2075,0,1422
2077,SEM_EROSAO,2076,0,101
2078,SEM_EROSAO,2077,0,101
2079,SEM_EROSAO,2078,0,1414
2080,SEM_EROSAO,2079,0,1414
2081,SEM_EROSAO,2080,0,1414
2082,SEM_EROSAO,2081,0,1422
2083,SEM_EROSAO,2082,0,2222
2084,SEM_EROSAO,2083,0,114
2085,SEM_EROSAO,2084,0,1422
2086,SEM_EROSAO,2085,0,101
2087,SEM_EROSAO,2086,0,1422
2088,SEM_EROSAO,2087,0,101
2089,SEM_EROSAO,2088,0,1414
2090,SEM_EROSAO,2089,0,2222
2091,SEM_EROSAO,2090,0,1414
2092,SEM_EROSAO,2091,0,114
2093,SEM_EROSAO,2092,0,1414
2094,SEM_EROSAO,2093,0,1414
2095,SEM_EROSAO,2094,0,1414
2096,SEM_EROSAO,2095,0,1414
2097,SEM_EROSAO,2096,0,1414
2098,SEM_EROSAO,2097,0,1414
2099,SEM_EROSAO,2098,0,2222
2100,SEM_EROSAO,2099,0,1414
2101,SEM_EROSAO,2100,0,1422
2102,SEM_EROSAO,2101,0,101
2103,SEM_EROSAO,2102,0,2222
2104,SEM_EROSAO,2103,0,2222
2105,SEM_EROSAO,2104,0,101
2106,SEM_EROSAO,2105,0,101
2107,SEM_EROSAO,2106,0,101
2108,SEM_EROSAO,2107,0,2601
2109,SEM_EROSAO,2108,0,101
2110,SEM_EROSAO,2109,0,1414
2111,SEM_EROSAO,2110,0,101
2112,SEM_EROSAO,2111,0,1414
2113,SEM_EROSAO,2112,0,101
2114,SEM_EROSAO,2113,0,2222
2115,SEM_EROSAO,2114,0,101
2116,SEM_EROSAO,2115,0,2222
2117,SEM_EROSAO,2116,0,1401
2118,SEM_EROSAO,2117,0,2222
2119,SEM_EROSAO,2118,0,1414
2120,SEM_EROSAO,2119,0,1422
2121,SEM_EROSAO,2120,0,101
2122,SEM_EROSAO,2121,0,101
2123,SEM_EROSAO,2122,0,101
2124,SEM_EROSAO,2123,0,1414
2125,SEM_EROSAO,2124,0,1414
2126,SEM_EROSAO,2125,0,101
2127,SEM_EROSAO,2126,0,1414
2128,SEM_EROSAO,2127,0,1414
2129,SEM_EROSAO,2128,0,1414
2130,SEM_EROSAO,2129,0,2222
2131,SEM_EROSAO,2130,0,101
2132,SEM_EROSAO,2131,0,1414
2133,SEM_EROSAO,2132,0,114
2134,SEM_EROSAO,2133,0,101
2135,SEM_EROSAO,2134,0,1422
2136,SEM_EROSAO,2135,0,2222
2137,SEM_EROSAO,2136,0,1414
2138,SEM_EROSAO,2137,0,1414
2139,SEM_EROSAO,2138,0,1414
2140,SEM_EROSAO,2139,0,101
2141,SEM_EROSAO,2140,0,101
2142,SEM_EROSAO,2141,0,2222
2143,SEM_EROSAO,2142,0,1414
2144,SEM_EROSAO,2143,0,1414
2145,SEM_EROSAO,2144,0,1414
2146,SEM_EROSAO,2145,0,1414
2147,SEM_EROSAO,2146,0,1414
2148,SEM_EROSAO,2147,0,101
2149,SEM_EROSAO,2148,0,1414
2150,SEM_EROSAO,2149,0,2222
2151,SEM_EROSAO,2150,0,2626
2152,SEM_EROSAO,2151,0,1414
2153,SEM_EROSAO,2152,0,1414
2154,SEM_EROSAO,2153,0,101
2155,SEM_EROSAO,2154,0,1422
2156,SEM_EROSAO,2155,0,2222
2157,SEM_EROSAO,2156,0,1422
2158,SEM_EROSAO,2157,0,2222
2159,SEM_EROSAO,2158,0,1414
2160,SEM_EROSAO,2159,0,1401
2161,SEM_EROSAO,2160,0,1414
2162,SEM_EROSAO,2161,0,1422
2163,SEM_EROSAO,2162,0,2222
2164,SEM_EROSAO,2163,0,2222
2165,SEM_EROSAO,2164,0,1414
2166,SEM_EROSAO,2165,0,1414
2167,SEM_EROSAO,2166,0,1414
2168,SEM_EROSAO,2167,0,1414
2169,SEM_EROSAO,2168,0,101
2170,SEM_EROSAO,2169,0,101
2171,SEM_EROSAO,2170,0,101
2172,SEM_EROSAO,2171,0,2626
2173,SEM_EROSAO,2172,0,1414
2174,SEM_EROSAO,2173,0,1401
2175,SEM_EROSAO,2174,0,1414
2176,SEM_EROSAO,2175,0,2222
2177,SEM_EROSAO,2176,0,1414
2178,SEM_EROSAO,2177,0,101
2179,SEM_EROSAO,2178,0,2222
2180,SEM_EROSAO,2179,0,2626
2181,SEM_EROSAO,2180,0,1414
2182,SEM_EROSAO,2181,0,122
2183,SEM_EROSAO,2182,0,2626
2184,SEM_EROSAO,2183,0,1414
2185,SEM_EROSAO,2184,0,1414
2186,SEM_EROSAO,2185,0,101
2187,SEM_EROSAO,2186,0,1414
2188,SEM_EROSAO,2187,0,1414
2189,SEM_EROSAO,2188,0,1422
2190,SEM_EROSAO,2189,0,101
2191,SEM_EROSAO,2190,0,1422
2192,SEM_EROSAO,2191,0,1422
2193,SEM_EROSAO,2192,0,1414
2194,SEM_EROSAO,2193,0,1414
2195,SEM_EROSAO,2194,0,101
2196,SEM_EROSAO,2195,0,101
2197,SEM_EROSAO,2196,0,1414
2198,SEM_EROSAO,2197,0,1414
2199,SEM_EROSAO,2198,0,2222
2200,SEM_EROSAO,2199,0,101
2201,SEM_EROSAO,2200,0,1414
2202,SEM_EROSAO,2201,0,2626
2203,SEM_EROSAO,2202,0,1414
2204,SEM_EROSAO,2203,0,1422
2205,SEM_EROSAO,2204,0,101
2206,SEM_EROSAO,2205,0,101
2207,SEM_EROSAO,2206,0,101
2208,SEM_EROSAO,2207,0,101
2209,SEM_EROSAO,2208,0,2222
2210,SEM_EROSAO,2209,0,2222
2211,SEM_EROSAO,2210,0,1422
2212,SEM_EROSAO,2211,0,101
2213,SEM_EROSAO,2212,0,2222
2214,SEM_EROSAO,2213,0,1414
2215,SEM_EROSAO,2214,0,101
2216,SEM_EROSAO,2215,0,2626
2217,SEM_EROSAO,2216,0,101
2218,SEM_EROSAO,2217,0,114
2219,SEM_EROSAO,2218,0,2222
2220,SEM_EROSAO,2219,0,1414
2221,SEM_EROSAO,2220,0,1414
2222,SEM_EROSAO,2221,0,1422
2223,SEM_EROSAO,2222,0,1414
2224,SEM_EROSAO,2223,0,1414
2225,SEM_EROSAO,2224,0,1414
2226,SEM_EROSAO,2225,0,101
2227,SEM_EROSAO,2226,0,101
2228,SEM_EROSAO,2227,0,1422
2229,SEM_EROSAO,2228,0,1414
2230,SEM_EROSAO,2229,0,101
2231,SEM_EROSAO,2230,0,1422
2232,SEM_EROSAO,2231,0,101
2233,SEM_EROSAO,2232,0,101
2234,SEM_EROSAO,2233,0,1414
2235,SEM_EROSAO,2234,0,1414
2236,SEM_EROSAO,2235,0,2222
2237,SEM_EROSAO,2236,0,101
2238,SEM_EROSAO,2237,0,1414
2239,SEM_EROSAO,2238,0,1414
2240,SEM_EROSAO,2239,0,1414
2241,SEM_EROSAO,2240,0,101
2242,SEM_EROSAO,2241,0,1422
2243,SEM_EROSAO,2242,0,1422
2244,SEM_EROSAO,2243,0,2626
2245,SEM_EROSAO,2244,0,101
2246,SEM_EROSAO,2245,0,101
2247,SEM_EROSAO,2246,0,1414
2248,SEM_EROSAO,2247,0,1414
2249,SEM_EROSAO,2248,0,1414
2250,SEM_EROSAO,2249,0,114
2251,SEM_EROSAO,2250,0,1414
2252,SEM_EROSAO,2251,0,101
2253,SEM_EROSAO,2252,0,1414
2254,SEM_EROSAO,2253,0,1414
2255,SEM_EROSAO,2254,0,1414
2256,SEM_EROSAO,2255,0,1422
2257,SEM_EROSAO,2256,0,101
2258,SEM_EROSAO,2257,0,114
2259,SEM_EROSAO,2258,0,1414
2260,SEM_EROSAO,2259,0,1414
2261,SEM_EROSAO,2260,0,1414
2262,SEM_EROSAO,2261,0,101
2263,SEM_EROSAO,2262,0,114
2264,SEM_EROSAO,2263,0,101
2265,SEM_EROSAO,2264,0,101
2266,SEM_EROSAO,2265,0,1414
2267,SEM_EROSAO,2266,0,1422
2268,SEM_EROSAO,2267,0,2601
2269,SEM_EROSAO,2268,0,101
2270,SEM_EROSAO,2269,0,2222
2271,SEM_EROSAO,2270,0,1414
2272,SEM_EROSAO,2271,0,1414
2273,SEM_EROSAO,2272,0,101
2274,SEM_EROSAO,2273,0,2222
2275,SEM_EROSAO,2274,0,2222
2276,SEM_EROSAO,2275,0,101
2277,SEM_EROSAO,2276,0,1401
2278,SEM_EROSAO,2277,0,2222
2279,SEM_EROSAO,2278,0,2222
2280,SEM_EROSAO,2279,0,101
2281,SEM_EROSAO,2280,0,1414
2282,SEM_EROSAO,2281,0,1414
2283,SEM_EROSAO,2282,0,2222
2284,SEM_EROSAO,2283,0,101
2285,SEM_EROSAO,2284,0,101
2286,SEM_EROSAO,2285,0,101
2287,SEM_EROSAO,2286,0,1414
2288,SEM_EROSAO,2287,0,1414
2289,SEM_EROSAO,2288,0,2626
2290,SEM_EROSAO,2289,0,1422
2291,SEM_EROSAO,2290,0,1401
2292,SEM_EROSAO,2291,0,1414
2293,SEM_EROSAO,2292,0,1414
2294,SEM_EROSAO,2293,0,2222
2295,SEM_EROSAO,2294,0,101
2296,SEM_EROSAO,2295,0,1414
2297,SEM_EROSAO,2296,0,1422
2298,SEM_EROSAO,2297,0,1414
2299,SEM_EROSAO,2298,0,1422
2300,SEM_EROSAO,2299,0,114
2301,SEM_EROSAO,2300,0,1414
2302,SEM_EROSAO,2301,0,1414
2303,SEM_EROSAO,2302,0,1414
2304,SEM_EROSAO,2303,0,1422
2305,SEM_EROSAO,2304,0,101
2306,SEM_EROSAO,2305,0,101
2307,SEM_EROSAO,2306,0,101
2308,SEM_EROSAO,2307,0,101
2309,SEM_EROSAO,2308,0,101
2310,SEM_EROSAO,2309,0,101
2311,SEM_EROSAO,2310,0,101
2312,SEM_EROSAO,2311,0,114
2313,SEM_EROSAO,2312,0,2222
2314,SEM_EROSAO,2313,0,1414
2315,SEM_EROSAO,2314,0,2222
2316,SEM_EROSAO,2315,0,2222
2317,SEM_EROSAO,2316,0,1414
2318,SEM_EROSAO,2317,0,1414
2319,SEM_EROSAO,2318,0,1422
2320,SEM_EROSAO,2319,0,1414
2321,SEM_EROSAO,2320,0,1414
2322,SEM_EROSAO,2321,0,1414
2323,SEM_EROSAO,2322,0,2222
2324,SEM_EROSAO,2323,0,1401
2325,SEM_EROSAO,2324,0,101
2326,SEM_EROSAO,2325,0,2214
2327,SEM_EROSAO,2326,0,2622
2328,SEM_EROSAO,2327,0,2222
2329,SEM_EROSAO,2328,0,101
2330,SEM_EROSAO,2329,0,2626
2331,SEM_EROSAO,2330,0,2222
2332,SEM_EROSAO,2331,0,1401
2333,SEM_EROSAO,2332,0,101
2334,SEM_EROSAO,2333,0,2222
2335,SEM_EROSAO,2334,0,2222
2336,SEM_EROSAO,2335,0,101
2337,SEM_EROSAO,2336,0,1414
2338,SEM_EROSAO,2337,0,1414
2339,SEM_EROSAO,2338,0,1414
2340,SEM_EROSAO,2339,0,1422
2341,SEM_EROSAO,2340,0,2222
2342,SEM_EROSAO,2341,0,101
2343,SEM_EROSAO,2342,0,1414
2344,SEM_EROSAO,2343,0,2222
2345,SEM_EROSAO,2344,0,2222
2346,SEM_EROSAO,2345,0,1414
2347,SEM_EROSAO,2346,0,1414
2348,SEM_EROSAO,2347,0,1414
2349,SEM_EROSAO,2348,0,1414
2350,SEM_EROSAO,2349,0,2222
2351,SEM_EROSAO,2350,0,1414
2352,SEM_EROSAO,2351,0,1414
2353,SEM_EROSAO,2352,0,1414
2354,SEM_EROSAO,2353,0,101
2355,SEM_EROSAO,2354,0,1401
2356,SEM_EROSAO,2355,0,1414
2357,SEM_EROSAO,2356,0,1414
2358,SEM_EROSAO,2357,0,1414
2359,SEM_EROSAO,2358,0,2222
2360,SEM_EROSAO,2359,0,1414
2361,SEM_EROSAO,2360,0,2222
2362,SEM_EROSAO,2361,0,1414
2363,SEM_EROSAO,2362,0,1414
2364,SEM_EROSAO,2363,0,2222
2365,SEM_EROSAO,2364,0,1414
2366,SEM_EROSAO,2365,0,1414
2367,SEM_EROSAO,2366,0,101
2368,SEM_EROSAO,2367,0,1414
2369,SEM_EROSAO,2368,0,1414
2370,SEM_EROSAO,2369,0,2222
2371,SEM_EROSAO,2370,0,1414
2372,SEM_EROSAO,2371,0,114
2373,SEM_EROSAO,2372,0,1414
2374,SEM_EROSAO,2373,0,2222
2375,SEM_EROSAO,2374,0,1414
2376,SEM_EROSAO,2375,0,114
2377,SEM_EROSAO,2376,0,1414
2378,SEM_EROSAO,2377,0,1414
2379,SEM_EROSAO,2378,0,1414
2380,SEM_EROSAO,2379,0,1414
2381,SEM_EROSAO,2380,0,2222
2382,SEM_EROSAO,2381,0,2222
2383,SEM_EROSAO,2382,0,1414
2384,SEM_EROSAO,2383,0,101
2385,SEM_EROSAO,2384,0,2222
2386,SEM_EROSAO,2385,0,1414
2387,SEM_EROSAO,2386,0,2222
2388,SEM_EROSAO,2387,0,101
2389,SEM_EROSAO,2388,0,2222
2390,SEM_EROSAO,2389,0,1414
2391,SEM_EROSAO,2390,0,1422
2392,SEM_EROSAO,2391,0,1422
2393,SEM_EROSAO,2392,0,2222
2394,SEM_EROSAO,2393,0,101
2395,SEM_EROSAO,2394,0,101
2396,SEM_EROSAO,2395,0,101
2397,SEM_EROSAO,2396,0,122
2398,SEM_EROSAO,2397,0,101
2399,SEM_EROSAO,2398,0,1401
2400,SEM_EROSAO,2399,0,1414
2401,SEM_EROSAO,2400,0,1414
2402,SEM_EROSAO,2401,0,101
2403,SEM_EROSAO,2402,0,1414
2404,SEM_EROSAO,2403,0,101
2405,SEM_EROSAO,2404,0,1414
2406,SEM_EROSAO,2405,0,1414
2407,SEM_EROSAO,2406,0,101
2408,SEM_EROSAO,2407,0,1414
2409,SEM_EROSAO,2408,0,2222
2410,SEM_EROSAO,2409,0,1401
2411,SEM_EROSAO,2410,0,2222
2412,SEM_EROSAO,2411,0,101
2413,SEM_EROSAO,2412,0,1414
2414,SEM_EROSAO,2413,0,1414
2415,SEM_EROSAO,2414,0,1414
2416,SEM_EROSAO,2415,0,2222
2417,SEM_EROSAO,2416,0,101
2418,SEM_EROSAO,2417,0,2601
2419,SEM_EROSAO,2418,0,1414
2420,SEM_EROSAO,2419,0,1422
2421,SEM_EROSAO,2420,0,114
2422,SEM_EROSAO,2421,0,2626
2423,SEM_EROSAO,2422,0,1414
2424,SEM_EROSAO,2423,0,1414
2425,SEM_EROSAO,2424,0,1422
2426,SEM_EROSAO,2425,0,1414
2427,SEM_EROSAO,2426,0,101
2428,SEM_EROSAO,2427,0,101
2429,SEM_EROSAO,2428,0,114
2430,SEM_EROSAO,2429,0,114
2431,SEM_EROSAO,2430,0,1414
2432,SEM_EROSAO,2431,0,1414
2433,SEM_EROSAO,2432,0,1401
2434,SEM_EROSAO,2433,0,101
2435,SEM_EROSAO,2434,0,114
2436,SEM_EROSAO,2435,0,1401
2437,SEM_EROSAO,2436,0,1414
2438,SEM_EROSAO,2437,0,1422
2439,SEM_EROSAO,2438,0,101
2440,SEM_EROSAO,2439,0,1414
2441,SEM_EROSAO,2440,0,2626
2442,SEM_EROSAO,2441,0,2222
2443,SEM_EROSAO,2442,0,2222
2444,SEM_EROSAO,2443,0,101
2445,SEM_EROSAO,2444,0,1401
2446,SEM_EROSAO,2445,0,101
2447,SEM_EROSAO,2446,0,101
2448,SEM_EROSAO,2447,0,1422
2449,SEM_EROSAO,2448,0,1414
2450,SEM_EROSAO,2449,0,114
2451,SEM_EROSAO,2450,0,1422
2452,SEM_EROSAO,2451,0,1422
2453,SEM_EROSAO,2452,0,2222
2454,SEM_EROSAO,2453,0,2222
2455,SEM_EROSAO,2454,0,101
2456,SEM_EROSAO,2455,0,1414
2457,SEM_EROSAO,2456,0,1414
2458,SEM_EROSAO,2457,0,2222
2459,SEM_EROSAO,2458,0,1414
2460,SEM_EROSAO,2459,0,1414
2461,SEM_EROSAO,2460,0,101
2462,SEM_EROSAO,2461,0,101
2463,SEM_EROSAO,2462,0,1422
2464,SEM_EROSAO,2463,0,1422
2465,SEM_EROSAO,2464,0,2222
2466,SEM_EROSAO,2465,0,1414
2467,SEM_EROSAO,2466,0,2222
2468,SEM_EROSAO,2467,0,1414
2469,SEM_EROSAO,2468,0,101
2470,SEM_EROSAO,2469,0,1414
2471,SEM_EROSAO,2470,0,101
2472,SEM_EROSAO,2471,0,2222
2473,SEM_EROSAO,2472,0,101
2474,SEM_EROSAO,2473,0,1414
2475,SEM_EROSAO,2474,0,1414
2476,SEM_EROSAO,2475,0,2614
2477,SEM_EROSAO,2476,0,2222
2478,SEM_EROSAO,2477,0,1422
2479,SEM_EROSAO,2478,0,2222
2480,SEM_EROSAO,2479,0,1414
2481,SEM_EROSAO,2480,0,1414
2482,SEM_EROSAO,2481,0,2601
2483,SEM_EROSAO,2482,0,101
2484,SEM_EROSAO,2483,0,101
2485,SEM_EROSAO,2484,0,1422
2486,SEM_EROSAO,2485,0,2222
2487,SEM_EROSAO,2486,0,1426
2488,SEM_EROSAO,2487,0,1414
2489,SEM_EROSAO,2488,0,2222
2490,SEM_EROSAO,2489,0,1414
2491,SEM_EROSAO,2490,0,114
2492,SEM_EROSAO,2491,0,1414
2493,SEM_EROSAO,2492,0,1414
2494,SEM_EROSAO,2493,0,101
2495,SEM_EROSAO,2494,0,2222
2496,SEM_EROSAO,2495,0,1422
2497,SEM_EROSAO,2496,0,101
2498,SEM_EROSAO,2497,0,101
2499,SEM_EROSAO,2498,0,2222
2500,SEM_EROSAO,2499,0,101
2501,SEM_EROSAO,2500,0,1414
2502,SEM_EROSAO,2501,0,1422
2503,SEM_EROSAO,2502,0,122
2504,SEM_EROSAO,2503,0,101
2505,SEM_EROSAO,2504,0,2222
2506,SEM_EROSAO,2505,0,1414
2507,SEM_EROSAO,2506,0,1422
2508,SEM_EROSAO,2507,0,2222
2509,SEM_EROSAO,2508,0,2614
2510,SEM_EROSAO,2509,0,1414
2511,SEM_EROSAO,2510,0,1414
2512,SEM_EROSAO,2511,0,101
2513,SEM_EROSAO,2512,0,2222
2514,SEM_EROSAO,2513,0,101
2515,SEM_EROSAO,2514,0,101
2516,SEM_EROSAO,2515,0,101
2517,SEM_EROSAO,2516,0,2222
2518,SEM_EROSAO,2517,0,1414
2519,SEM_EROSAO,2518,0,1414
2520,SEM_EROSAO,2519,0,101
2521,SEM_EROSAO,2520,0,101
2522,SEM_EROSAO,2521,0,1414
2523,SEM_EROSAO,2522,0,2222
2524,SEM_EROSAO,2523,0,2222
2525,SEM_EROSAO,2524,0,1414
2526,SEM_EROSAO,2525,0,1414
2527,SEM_EROSAO,2526,0,1414
2528,SEM_EROSAO,2527,0,2222
2529,SEM_EROSAO,2528,0,1414
2530,SEM_EROSAO,2529,0,2222
2531,SEM_EROSAO,2530,0,2222
2532,SEM_EROSAO,2531,0,1414
2533,SEM_EROSAO,2532,0,2222
2534,SEM_EROSAO,2533,0,1414
2535,SEM_EROSAO,2534,0,1414
2536,SEM_EROSAO,2535,0,1422
2537,SEM_EROSAO,2536,0,2222
2538,SEM_EROSAO,2537,0,1414
2539,SEM_EROSAO,2538,0,1422
2540,SEM_EROSAO,2539,0,101
2541,SEM_EROSAO,2540,0,1414
2542,SEM_EROSAO,2541,0,101
2543,SEM_EROSAO,2542,0,2222
2544,SEM_EROSAO,2543,0,1414
2545,SEM_EROSAO,2544,0,2222
2546,SEM_EROSAO,2545,0,1414
2547,SEM_EROSAO,2546,0,101
2548,SEM_EROSAO,2547,0,2222
2549,SEM_EROSAO,2548,0,1414
2550,SEM_EROSAO,2549,0,1414
2551,SEM_EROSAO,2550,0,1422
2552,SEM_EROSAO,2551,0,1010
2553,SEM_EROSAO,2552,0,2214
2554,SEM_EROSAO,2553,0,2222
2555,SEM_EROSAO,2554,0,1422
2556,SEM_EROSAO,2555,0,1422
2557,SEM_EROSAO,2556,0,1422
2558,SEM_EROSAO,2557,0,1414
2559,SEM_EROSAO,2558,0,1422
2560,SEM_EROSAO,2559,0,1401
2561,SEM_EROSAO,2560,0,101
2562,SEM_EROSAO,2561,0,2222
2563,SEM_EROSAO,2562,0,1422
2564,SEM_EROSAO,2563,0,2222
2565,SEM_EROSAO,2564,0,1414
2566,SEM_EROSAO,2565,0,2222
2567,SEM_EROSAO,2566,0,101
2568,SEM_EROSAO,2567,0,101
2569,SEM_EROSAO,2568,0,101
2570,SEM_EROSAO,2569,0,1414
2571,SEM_EROSAO,2570,0,1414
2572,SEM_EROSAO,2571,0,1414
2573,SEM_EROSAO,2572,0,2222
2574,SEM_EROSAO,2573,0,1414
2575,SEM_EROSAO,2574,0,101
2576,SEM_EROSAO,2575,0,101
2577,SEM_EROSAO,2576,0,2222
2578,SEM_EROSAO,2577,0,101
2579,SEM_EROSAO,2578,0,1422
2580,SEM_EROSAO,2579,0,101
2581,SEM_EROSAO,2580,0,1414
2582,SEM_EROSAO,2581,0,1414
2583,SEM_EROSAO,2582,0,101
2584,SEM_EROSAO,2583,0,1414
2585,SEM_EROSAO,2584,0,101
2586,SEM_EROSAO,2585,0,1414
2587,SEM_EROSAO,2586,0,114
2588,SEM_EROSAO,2587,0,2222
2589,SEM_EROSAO,2588,0,1414
2590,SEM_EROSAO,2589,0,2626
2591,SEM_EROSAO,2590,0,1414
2592,SEM_EROSAO,2591,0,101
2593,SEM_EROSAO,2592,0,2222
2594,SEM_EROSAO,2593,0,1414
2595,SEM_EROSAO,2594,0,101
2596,SEM_EROSAO,2595,0,101
2597,SEM_EROSAO,2596,0,101
2598,SEM_EROSAO,2597,0,2222
2599,SEM_EROSAO,2598,0,101
2600,SEM_EROSAO,2599,0,1414
2601,SEM_EROSAO,2600,0,1414
2602,SEM_EROSAO,2601,0,1414
2603,SEM_EROSAO,2602,0,1414
2604,SEM_EROSAO,2603,0,1414
2605,SEM_EROSAO,2604,0,2222
2606,SEM_EROSAO,2605,0,1414
2607,SEM_EROSAO,2606,0,1414
2608,SEM_EROSAO,2607,0,1414
2609,SEM_EROSAO,2608,0,122
2610,SEM_EROSAO,2609,0,2222
2611,SEM_EROSAO,2610,0,1401
2612,SEM_EROSAO,2611,0,1414
2613,SEM_EROSAO,2612,0,2222
2614,SEM_EROSAO,2613,0,1422
2615,SEM_EROSAO,2614,0,1414
2616,SEM_EROSAO,2615,0,1414
2617,SEM_EROSAO,2616,0,1414
2618,SEM_EROSAO,2617,0,1401
2619,SEM_EROSAO,2618,0,101
2620,SEM_EROSAO,2619,0,101
2621,SEM_EROSAO,2620,0,1414
2622,SEM_EROSAO,2621,0,2222
2623,SEM_EROSAO,2622,0,2222
2624,SEM_EROSAO,2623,0,2222
2625,SEM_EROSAO,2624,0,101
2626,SEM_EROSAO,2625,0,1414
2627,SEM_EROSAO,2626,0,101
2628,SEM_EROSAO,2627,0,2626
2629,SEM_EROSAO,2628,0,2626
2630,SEM_EROSAO,2629,0,101
2631,SEM_EROSAO,2630,0,101
2632,SEM_EROSAO,2631,0,2222
2633,SEM_EROSAO,2632,0,1414
2634,SEM_EROSAO,2633,0,1414
2635,SEM_EROSAO,2634,0,1422
2636,SEM_EROSAO,2635,0,1414
2637,SEM_EROSAO,2636,0,101
2638,SEM_EROSAO,2637,0,2222
2639,SEM_EROSAO,2638,0,1414
2640,SEM_EROSAO,2639,0,1414
2641,SEM_EROSAO,2640,0,1422
2642,SEM_EROSAO,2641,0,101
2643,SEM_EROSAO,2642,0,2222
2644,SEM_EROSAO,2643,0,2222
2645,SEM_EROSAO,2644,0,2222
2646,SEM_EROSAO,2645,0,101
2647,SEM_EROSAO,2646,0,2222
2648,SEM_EROSAO,2647,0,101
2649,SEM_EROSAO,2648,0,1414
2650,SEM_EROSAO,2649,0,1414
2651,SEM_EROSAO,2650,0,1414
2652,SEM_EROSAO,2651,0,1414
2653,SEM_EROSAO,2652,0,1414
2654,SEM_EROSAO,2653,0,2222
2655,SEM_EROSAO,2654,0,1414
2656,SEM_EROSAO,2655,0,1422
2657,SEM_EROSAO,2656,0,1414
2658,SEM_EROSAO,2657,0,1414
2659,SEM_EROSAO,2658,0,1401
2660,SEM_EROSAO,2659,0,1414
2661,SEM_EROSAO,2660,0,1414
2662,SEM_EROSAO,2661,0,1414
2663,SEM_EROSAO,2662,0,1422
2664,SEM_EROSAO,2663,0,101
2665,SEM_EROSAO,2664,0,2222
2666,SEM_EROSAO,2665,0,101
2667,SEM_EROSAO,2666,0,1414
2668,SEM_EROSAO,2667,0,1414
2669,SEM_EROSAO,2668,0,101
2670,SEM_EROSAO,2669,0,1414
2671,SEM_EROSAO,2670,0,114
2672,SEM_EROSAO,2671,0,101
2673,SEM_EROSAO,2672,0,101
2674,SEM_EROSAO,2673,0,1414
2675,SEM_EROSAO,2674,0,101
2676,SEM_EROSAO,2675,0,1414
2677,SEM_EROSAO,2676,0,101
2678,SEM_EROSAO,2677,0,2222
2679,SEM_EROSAO,2678,0,101
2680,SEM_EROSAO,2679,0,1414
2681,SEM_EROSAO,2680,0,101
2682,SEM_EROSAO,2681,0,1414
2683,SEM_EROSAO,2682,0,1422
2684,SEM_EROSAO,2683,0,2614
2685,SEM_EROSAO,2684,0,101
2686,SEM_EROSAO,2685,0,2222
2687,SEM_EROSAO,2686,0,1422
2688,SEM_EROSAO,2687,0,1414
2689,SEM_EROSAO,2688,0,101
2690,SEM_EROSAO,2689,0,1414
2691,SEM_EROSAO,2690,0,1414
2692,SEM_EROSAO,2691,0,1422
2693,SEM_EROSAO,2692,0,1422
2694,SEM_EROSAO,2693,0,2222
2695,SEM_EROSAO,2694,0,1422
2696,SEM_EROSAO,2695,0,1414
2697,SEM_EROSAO,2696,0,1422
2698,SEM_EROSAO,2697,0,2222
2699,SEM_EROSAO,2698,0,1422
2700,SEM_EROSAO,2699,0,1414
2701,SEM_EROSAO,2700,0,1401
2702,SEM_EROSAO,2701,0,101
2703,SEM_EROSAO,2702,0,2222
2704,SEM_EROSAO,2703,0,1414
2705,SEM_EROSAO,2704,0,1414
2706,SEM_EROSAO,2705,0,1414
2707,SEM_EROSAO,2706,0,2626
2708,SEM_EROSAO,2707,0,101
2709,SEM_EROSAO,2708,0,1422
2710,SEM_EROSAO,2709,0,2222
2711,SEM_EROSAO,2710,0,2222
2712,SEM_EROSAO,2711,0,101
2713,SEM_EROSAO,2712,0,1414
2714,SEM_EROSAO,2713,0,1414
2715,SEM_EROSAO,2714,0,2222
2716,SEM_EROSAO,2715,0,101
2717,SEM_EROSAO,2716,0,2222
2718,SEM_EROSAO,2717,0,101
2719,SEM_EROSAO,2718,0,1414
2720,SEM_EROSAO,2719,0,101
2721,SEM_EROSAO,2720,0,1414
2722,SEM_EROSAO,2721,0,114
2723,SEM_EROSAO,2722,0,1414
2724,SEM_EROSAO,2723,0,2626
2725,SEM_EROSAO,2724,0,1414
2726,SEM_EROSAO,2725,0,101
2727,SEM_EROSAO,2726,0,101
2728,SEM_EROSAO,2727,0,101
2729,SEM_EROSAO,2728,0,101
2730,SEM_EROSAO,2729,0,1414
2731,SEM_EROSAO,2730,0,1414
2732,SEM_EROSAO,2731,0,1414
2733,SEM_EROSAO,2732,0,2222
2734,SEM_EROSAO,2733,0,2222
2735,SEM_EROSAO,2734,0,101
2736,SEM_EROSAO,2735,0,1414
2737,SEM_EROSAO,2736,0,1414
2738,SEM_EROSAO,2737,0,122
2739,SEM_EROSAO,2738,0,101
2740,SEM_EROSAO,2739,0,1422
2741,SEM_EROSAO,2740,0,2222
2742,SEM_EROSAO,2741,0,101
2743,SEM_EROSAO,2742,0,101
2744,SEM_EROSAO,2743,0,101
2745,SEM_EROSAO,2744,0,1422
2746,SEM_EROSAO,2745,0,101
2747,SEM_EROSAO,2746,0,1414
2748,SEM_EROSAO,2747,0,1414
2749,SEM_EROSAO,2748,0,101
2750,SEM_EROSAO,2749,0,101
2751,SEM_EROSAO,2750,0,1401
2752,SEM_EROSAO,2751,0,1414
2753,SEM_EROSAO,2752,0,101
2754,SEM_EROSAO,2753,0,1422
2755,SEM_EROSAO,2754,0,114
2756,SEM_EROSAO,2755,0,101
2757,SEM_EROSAO,2756,0,101
2758,SEM_EROSAO,2757,0,1422
2759,SEM_EROSAO,2758,0,2222
2760,SEM_EROSAO,2759,0,101
2761,SEM_EROSAO,2760,0,1414
2762,SEM_EROSAO,2761,0,2222
2763,SEM_EROSAO,2762,0,1414
2764,SEM_EROSAO,2763,0,1414
2765,SEM_EROSAO,2764,0,1422
2766,SEM_EROSAO,2765,0,2222
2767,SEM_EROSAO,2766,0,2222
2768,SEM_EROSAO,2767,0,2222
2769,SEM_EROSAO,2768,0,1422
2770,SEM_EROSAO,2769,0,1414
2771,SEM_EROSAO,2770,0,1414
2772,SEM_EROSAO,2771,0,122
2773,SEM_EROSAO,2772,0,2222
2774,SEM_EROSAO,2773,0,101
2775,SEM_EROSAO,2774,0,2222
2776,SEM_EROSAO,2775,0,101
2777,SEM_EROSAO,2776,0,1414
2778,SEM_EROSAO,2777,0,1422
2779,SEM_EROSAO,2778,0,1422
2780,SEM_EROSAO,2779,0,101
2781,SEM_EROSAO,2780,0,2222
2782,SEM_EROSAO,2781,0,1414
2783,SEM_EROSAO,2782,0,2222
2784,SEM_EROSAO,2783,0,2222
2785,SEM_EROSAO,2784,0,1414
2786,SEM_EROSAO,2785,0,2222
2787,SEM_EROSAO,2786,0,101
2788,SEM_EROSAO,2787,0,1414
2789,SEM_EROSAO,2788,0,1414
2790,SEM_EROSAO,2789,0,1414
2791,SEM_EROSAO,2790,0,114
2792,SEM_EROSAO,2791,0,1422
2793,SEM_EROSAO,2792,0,1414
2794,SEM_EROSAO,2793,0,101
2795,SEM_EROSAO,2794,0,1414
2796,SEM_EROSAO,2795,0,101
2797,SEM_EROSAO,2796,0,1422
2798,SEM_EROSAO,2797,0,1422
2799,SEM_EROSAO,2798,0,1422
2800,SEM_EROSAO,2799,0,2222
2801,SEM_EROSAO,2800,0,2222
2802,SEM_EROSAO,2801,0,2222
2803,SEM_EROSAO,2802,0,1414
2804,SEM_EROSAO,2803,0,2222
2805,SEM_EROSAO,2804,0,1414
2806,SEM_EROSAO,2805,0,1414
2807,SEM_EROSAO,2806,0,2222
2808,SEM_EROSAO,2807,0,1414
2809,SEM_EROSAO,2808,0,1414
2810,SEM_EROSAO,2809,0,101
2811,SEM_EROSAO,2810,0,1414
2812,SEM_EROSAO,2811,0,1010
2813,SEM_EROSAO,2812,0,101
2814,SEM_EROSAO,2813,0,1414
2815,SEM_EROSAO,2814,0,101
2816,SEM_EROSAO,2815,0,1422
2817,SEM_EROSAO,2816,0,101
2818,SEM_EROSAO,2817,0,1414
2819,SEM_EROSAO,2818,0,1422
2820,SEM_EROSAO,2819,0,1414
2821,SEM_EROSAO,2820,0,2222
2822,SEM_EROSAO,2821,0,1414
2823,SEM_EROSAO,2822,0,1422
2824,SEM_EROSAO,2823,0,2222
2825,SEM_EROSAO,2824,0,1422
2826,SEM_EROSAO,2825,0,1401
2827,SEM_EROSAO,2826,0,1414
2828,SEM_EROSAO,2827,0,101
2829,SEM_EROSAO,2828,0,1401
2830,SEM_EROSAO,2829,0,2222
2831,SEM_EROSAO,2830,0,2222
2832,SEM_EROSAO,2831,0,1422
2833,SEM_EROSAO,2832,0,2626
2834,SEM_EROSAO,2833,0,2222
2835,SEM_EROSAO,2834,0,2222
2836,SEM_EROSAO,2835,0,1414
2837,SEM_EROSAO,2836,0,2222
2838,SEM_EROSAO,2837,0,114
2839,SEM_EROSAO,2838,0,1414
2840,SEM_EROSAO,2839,0,2222
2841,SEM_EROSAO,2840,0,2222
2842,SEM_EROSAO,2841,0,1422
2843,SEM_EROSAO,2842,0,101
2844,SEM_EROSAO,2843,0,1414
2845,SEM_EROSAO,2844,0,1414
2846,SEM_EROSAO,2845,0,101
2847,SEM_EROSAO,2846,0,2222
2848,SEM_EROSAO,2847,0,101
2849,SEM_EROSAO,2848,0,101
2850,SEM_EROSAO,2849,0,1422
2851,SEM_EROSAO,2850,0,1414
2852,SEM_EROSAO,2851,0,1414
2853,SEM_EROSAO,2852,0,1414
2854,SEM_EROSAO,2853,0,1414
2855,SEM_EROSAO,2854,0,1414
2856,SEM_EROSAO,2855,0,2222
2857,SEM_EROSAO,2856,0,1414
2858,SEM_EROSAO,2857,0,1414
2859,SEM_EROSAO,2858,0,101
2860,SEM_EROSAO,2859,0,1414
2861,SEM_EROSAO,2860,0,1422
2862,SEM_EROSAO,2861,0,1414
2863,SEM_EROSAO,2862,0,1414
2864,SEM_EROSAO,2863,0,1414
2865,SEM_EROSAO,2864,0,2222
2866,SEM_EROSAO,2865,0,1414
2867,SEM_EROSAO,2866,0,1414
2868,SEM_EROSAO,2867,0,2222
2869,SEM_EROSAO,2868,0,2222
2870,SEM_EROSAO,2869,0,2222
2871,SEM_EROSAO,2870,0,101
2872,SEM_EROSAO,2871,0,114
2873,SEM_EROSAO,2872,0,1414
2874,SEM_EROSAO,2873,0,1414
2875,SEM_EROSAO,2874,0,1414
2876,SEM_EROSAO,2875,0,2222
2877,SEM_EROSAO,2876,0,114
2878,SEM_EROSAO,2877,0,1422
2879,SEM_EROSAO,2878,0,114
2880,SEM_EROSAO,2879,0,101
2881,SEM_EROSAO,2880,0,1414
2882,SEM_EROSAO,2881,0,2222
2883,SEM_EROSAO,2882,0,2222
2884,SEM_EROSAO,2883,0,1414
2885,SEM_EROSAO,2884,0,1414
2886,SEM_EROSAO,2885,0,1414
2887,SEM_EROSAO,2886,0,2222
2888,SEM_EROSAO,2887,0,1414
2889,SEM_EROSAO,2888,0,101
2890,SEM_EROSAO,2889,0,1422
2891,SEM_EROSAO,2890,0,1414
2892,SEM_EROSAO,2891,0,1401
2893,SEM_EROSAO,2892,0,1401
2894,SEM_EROSAO,2893,0,101
2895,SEM_EROSAO,2894,0,114
2896,SEM_EROSAO,2895,0,101
2897,SEM_EROSAO,2896,0,1414
2898,SEM_EROSAO,2897,0,1414
2899,SEM_EROSAO,2898,0,1410
2900,SEM_EROSAO,2899,0,1414
2901,SEM_EROSAO,2900,0,101
2902,SEM_EROSAO,2901,0,1422
2903,SEM_EROSAO,2902,0,101
2904,SEM_EROSAO,2903,0,101
2905,SEM_EROSAO,2904,0,1414
2906,SEM_EROSAO,2905,0,1414
2907,SEM_EROSAO,2906,0,101
2908,SEM_EROSAO,2907,0,1414
2909,SEM_EROSAO,2908,0,1422
2910,SEM_EROSAO,2909,0,101
2911,SEM_EROSAO,2910,0,2222
2912,SEM_EROSAO,2911,0,1414
2913,SEM_EROSAO,2912,0,1422
2914,SEM_EROSAO,2913,0,1414
2915,SEM_EROSAO,2914,0,1422
2916,SEM_EROSAO,2915,0,101
2917,SEM_EROSAO,2916,0,2222
2918,SEM_EROSAO,2917,0,1414
2919,SEM_EROSAO,2918,0,1414
2920,SEM_EROSAO,2919,0,2222
2921,SEM_EROSAO,2920,0,2222
2922,SEM_EROSAO,2921,0,1414
2923,SEM_EROSAO,2922,0,1422
2924,SEM_EROSAO,2923,0,1422
2925,SEM_EROSAO,2924,0,1422
2926,SEM_EROSAO,2925,0,2222
2927,SEM_EROSAO,2926,0,2222
2928,SEM_EROSAO,2927,0,1401
2929,SEM_EROSAO,2928,0,1414
2930,SEM_EROSAO,2929,0,2222
2931,SEM_EROSAO,2930,0,2222
2932,SEM_EROSAO,2931,0,1414
2933,SEM_EROSAO,2932,0,1414
2934,SEM_EROSAO,2933,0,2222
2935,SEM_EROSAO,2934,0,1414
2936,SEM_EROSAO,2935,0,101
2937,SEM_EROSAO,2936,0,2222
2938,SEM_EROSAO,2937,0,2222
2939,SEM_EROSAO,2938,0,101
2940,SEM_EROSAO,2939,0,1422
2941,SEM_EROSAO,2940,0,1414
2942,SEM_EROSAO,2941,0,2222
2943,SEM_EROSAO,2942,0,101
2944,SEM_EROSAO,2943,0,1414
2945,SEM_EROSAO,2944,0,101
2946,SEM_EROSAO,2945,0,1414
2947,SEM_EROSAO,2946,0,1401
2948,SEM_EROSAO,2947,0,2626
2949,SEM_EROSAO,2948,0,1414
2950,SEM_EROSAO,2949,0,2222
2951,SEM_EROSAO,2950,0,2222
2952,SEM_EROSAO,2951,0,1414
2953,SEM_EROSAO,2952,0,1414
2954,SEM_EROSAO,2953,0,2222
2955,SEM_EROSAO,2954,0,2222
2956,SEM_EROSAO,2955,0,101
2957,SEM_EROSAO,2956,0,1414
2958,SEM_EROSAO,2957,0,101
2959,SEM_EROSAO,2958,0,1414
2960,SEM_EROSAO,2959,0,1401
2961,SEM_EROSAO,2960,0,101
2962,SEM_EROSAO,2961,0,1414
2963,SEM_EROSAO,2962,0,1414
2964,SEM_EROSAO,2963,0,1426
2965,SEM_EROSAO,2964,0,1414
2966,SEM_EROSAO,2965,0,2222
2967,SEM_EROSAO,2966,0,1414
2968,SEM_EROSAO,2967,0,2222
2969,SEM_EROSAO,2968,0,2222
2970,SEM_EROSAO,2969,0,1414
2971,SEM_EROSAO,2970,0,1422
2972,SEM_EROSAO,2971,0,1401
2973,SEM_EROSAO,2972,0,1414
2974,SEM_EROSAO,2973,0,1414
2975,SEM_EROSAO,2974,0,2222
2976,SEM_EROSAO,2975,0,101
2977,SEM_EROSAO,2976,0,1414
2978,SEM_EROSAO,2977,0,1414
2979,SEM_EROSAO,2978,0,1414
2980,SEM_EROSAO,2979,0,1414
2981,SEM_EROSAO,2980,0,2626
2982,SEM_EROSAO,2981,0,1414
2983,SEM_EROSAO,2982,0,101
2984,SEM_EROSAO,2983,0,2222
2985,SEM_EROSAO,2984,0,1414
2986,SEM_EROSAO,2985,0,1414
2987,SEM_EROSAO,2986,0,2222
2988,SEM_EROSAO,2987,0,101
2989,SEM_EROSAO,2988,0,101
2990,SEM_EROSAO,2989,0,2222
2991,SEM_EROSAO,2990,0,1414
2992,SEM_EROSAO,2991,0,1414
2993,SEM_EROSAO,2992,0,1414
2994,SEM_EROSAO,2993,0,2222
2995,SEM_EROSAO,2994,0,2222
2996,SEM_EROSAO,2995,0,1414
2997,SEM_EROSAO,2996,0,1414
2998,SEM_EROSAO,2997,0,2222
2999,SEM_EROSAO,2998,0,1414
3000,SEM_EROSAO,2999,0,1414
3001,SEM_EROSAO,3000,0,1422
3002,SEM_EROSAO,3001,0,2222
3003,SEM_EROSAO,3002,0,1422
3004,SEM_EROSAO,3003,0,1414
3005,SEM_EROSAO,3004,0,1414
3006,SEM_EROSAO,3005,0,1401
3007,SEM_EROSAO,3006,0,101
3008,SEM_EROSAO,3007,0,1414
3009,SEM_EROSAO,3008,0,114
3010,SEM_EROSAO,3009,0,101
3011,SEM_EROSAO,3010,0,122
3012,SEM_EROSAO,3011,0,114
3013,SEM_EROSAO,3012,0,1414
3014,SEM_EROSAO,3013,0,1010
3015,SEM_EROSAO,3014,0,1414
3016,SEM_EROSAO,3015,0,1414
3017,SEM_EROSAO,3016,0,114
3018,SEM_EROSAO,3017,0,1414
3019,SEM_EROSAO,3018,0,2222
3020,SEM_EROSAO,3019,0,114
3021,SEM_EROSAO,3020,0,1414
3022,SEM_EROSAO,3021,0,1414
3023,SEM_EROSAO,3022,0,1414
3024,SEM_EROSAO,3023,0,101
3025,SEM_EROSAO,3024,0,1422
3026,SEM_EROSAO,3025,0,114
3027,SEM_EROSAO,3026,0,1422
3028,SEM_EROSAO,3027,0,1414
3029,SEM_EROSAO,3028,0,114
3030,SEM_EROSAO,3029,0,1422
3031,SEM_EROSAO,3030,0,101
3032,SEM_EROSAO,3031,0,101
3033,SEM_EROSAO,3032,0,1422
3034,SEM_EROSAO,3033,0,2222
3035,SEM_EROSAO,3034,0,1414
3036,SEM_EROSAO,3035,0,1414
3037,SEM_EROSAO,3036,0,101
3038,SEM_EROSAO,3037,0,101
3039,SEM_EROSAO,3038,0,2222
3040,SEM_EROSAO,3039,0,101
3041,SEM_EROSAO,3040,0,101
3042,SEM_EROSAO,3041,0,1414
3043,SEM_EROSAO,3042,0,1422
3044,SEM_EROSAO,3043,0,1414
3045,SEM_EROSAO,3044,0,101
3046,SEM_EROSAO,3045,0,101
3047,SEM_EROSAO,3046,0,1414
3048,SEM_EROSAO,3047,0,1422
3049,SEM_EROSAO,3048,0,1414
3050,SEM_EROSAO,3049,0,1414
3051,SEM_EROSAO,3050,0,2626
3052,SEM_EROSAO,3051,0,1414
3053,SEM_EROSAO,3052,0,101
3054,SEM_EROSAO,3053,0,1414
3055,SEM_EROSAO,3054,0,1414
3056,SEM_EROSAO,3055,0,2222
3057,SEM_EROSAO,3056,0,1414
3058,SEM_EROSAO,3057,0,114
3059,SEM_EROSAO,3058,0,1401
3060,SEM_EROSAO,3059,0,1414
3061,SEM_EROSAO,3060,0,1422
3062,SEM_EROSAO,3061,0,101
3063,SEM_EROSAO,3062,0,1414
3064,SEM_EROSAO,3063,0,101
3065,SEM_EROSAO,3064,0,1422
3066,SEM_EROSAO,3065,0,101
3067,SEM_EROSAO,3066,0,101
3068,SEM_EROSAO,3067,0,1414
3069,SEM_EROSAO,3068,0,1414
3070,SEM_EROSAO,3069,0,1414
3071,SEM_EROSAO,3070,0,1414
3072,SEM_EROSAO,3071,0,101
3073,SEM_EROSAO,3072,0,1414
3074,SEM_EROSAO,3073,0,1414
3075,SEM_EROSAO,3074,0,101
3076,SEM_EROSAO,3075,0,1414
3077,SEM_EROSAO,3076,0,1414
3078,SEM_EROSAO,3077,0,101
3079,SEM_EROSAO,3078,0,2222
3080,SEM_EROSAO,3079,0,101
3081,SEM_EROSAO,3080,0,1414
3082,SEM_EROSAO,3081,0,1414
3083,SEM_EROSAO,3082,0,1414
3084,SEM_EROSAO,3083,0,1414
3085,SEM_EROSAO,3084,0,1414
3086,SEM_EROSAO,3085,0,1422
3087,SEM_EROSAO,3086,0,2222
3088,SEM_EROSAO,3087,0,2626
3089,SEM_EROSAO,3088,0,101
3090,SEM_EROSAO,3089,0,1414
3091,SEM_EROSAO,3090,0,101
3092,SEM_EROSAO,3091,0,1414
3093,SEM_EROSAO,3092,0,1414
3094,SEM_EROSAO,3093,0,101
3095,SEM_EROSAO,3094,0,114
3096,SEM_EROSAO,3095,0,2601
3097,SEM_EROSAO,3096,0,2222
3098,SEM_EROSAO,3097,0,101
